PROLIFIC_PID,totalTime,subjLR_3prm,subjD_3prm,subjp0_3prm,subjNLL_3prm,subjLRTp_3prm,qa:dec_%rt<300,qa:dec_%rt>10000,qa:dec_%Conseqs,qa:dec_instruxDur,qa:frat_%rt<300,qa:frat_%rt>10000,qa:frat_%Conseqs,qa:frat_instruxDur,qa:blurEv
55c694e3fdf99b6c4f28595f,369.558,0.0062547552014652,4.53978687024344e-05,1.0,43.09687271027648,1.4053675192566807e-136,0.3409090909090909,0.0,0.9924242424242424,2.09,0.0,0.0,0.0,11.84,0.0
55d86f3569dbc30012b6869f,402.148,0.0568942499656554,4.53978687024344e-05,-0.6087237952485226,26.619452027480605,4.8147850921594186e-129,0.0909090909090909,0.0,0.3409090909090909,2.0,0.0,0.0,0.1666666666666666,16.39,0.0
55e7221441988f000b75cc7a,576.794,0.0361118593626645,0.9999546021312976,0.5419421389593158,16.39788614335815,1.721718397039537e-133,0.0378787878787878,0.0,0.5909090909090909,8.32,0.0,0.0,0.1666666666666666,24.49,0.0
560ce65601c38a0012769e20,724.853,0.0359595920175495,0.9999546021312976,0.6130757378661302,8.190502219944534,4.631716422538991e-137,0.0,0.0,0.1742424242424242,18.12,0.0,0.0,0.0,32.7,0.0
56b8de29e1d0a200051517f8,412.837,0.0194621400352649,0.9999546021312976,0.173111240003256,4.576346903219204,1.240592376018536e-138,0.0,0.0,0.6893939393939394,9.92,0.0,0.0,0.1666666666666666,15.4,0.0
570fa921f895a7000f38ca6f,463.548,0.0478851711243333,4.53978687024344e-05,0.1906150325024985,-3.855761408012541,1.0616547661055428e-157,0.3484848484848485,0.0,0.553030303030303,5.12,0.0,0.0,0.0,16.57,0.0
571144323d47e800096358d9,339.781,0.0048734210487227,0.9996007140627328,0.5453073409542178,-7.952542335491017,1.7551308372007242e-159,0.4090909090909091,0.0,0.4469696969696969,5.42,0.0,0.0,0.1666666666666666,20.51,2.0
572041d6fd3a5200093c1295,311.041,0.4812256230881659,4.53978687024344e-05,1.0,-30.305111769107317,8.356125149274289e-154,0.6818181818181818,0.0,0.6515151515151515,2.0,0.0,0.0,0.1666666666666666,11.1,0.0
5722c95274e7ff0011a6f011,413.637,0.0039088326948277,4.53978687024344e-05,-0.2507369850599896,-9.921077646396428,2.4446188373150616e-160,0.1818181818181818,0.0,0.5227272727272727,2.99,0.0,0.0,0.0,21.43,0.0
5766d2f7fdff7a0001c1285b,438.005,0.0592989506638577,4.53978687024344e-05,1.0,-43.98294494046596,3.7666575036336435e-175,0.1439393939393939,0.0,0.7196969696969697,84.82,0.0,0.0,0.3333333333333333,7.82,0.0
5783d80d275be60001358349,560.421,4.53978687024344e-05,4.539794139143876e-05,0.5319702493466674,-19.70459015269698,1.3600088980996273e-164,0.0454545454545454,0.0075757575757575,0.4090909090909091,4.54,0.0,0.0,0.0,37.52,0.0
58016c9f551314000145af58,471.173,0.043784367339025,0.1642695526975706,-0.3575257395005555,-16.831424707001247,6.0544980616099416e-148,0.5909090909090909,0.0,0.5378787878787878,7.46,0.0,0.0,0.1666666666666666,21.06,2.0
580777dd827ca10001db494b,425.671,0.0665980598839162,4.53978687024344e-05,-0.3822394162251347,-22.319198005672234,2.48459543744509e-150,0.0,0.0,0.2272727272727272,4.0,0.0,0.0,0.1666666666666666,19.42,0.0
582009dd87f6b90001f13e40,380.932,0.0106662421671252,4.53978687024344e-05,-0.4605634510580606,-21.26313716153257,7.154325225294339e-150,0.4621212121212121,0.0,0.4772727272727273,6.27,0.0,0.0,0.0,16.55,0.0
594936ad4152bf0001bfd5cd,407.559,0.0138600861271487,0.9999546021312976,-0.1791966097040265,-22.777215330891423,1.5705459834977994e-150,0.0,0.0,0.3181818181818182,6.83,0.0,0.0,0.0,10.92,0.0
5971640e7ec240000170cb69,302.689,0.0159490429142151,4.53978687024344e-05,1.0,-45.37735764600208,9.324229140172519e-176,0.7272727272727273,0.0,0.8636363636363636,1.76,0.0,0.0,0.1666666666666666,12.93,0.0
59aae1188cef7d00011f8884,479.683,0.0065542000452793,4.53978687024344e-05,0.197517260285473,-25.13348216803837,5.9248989583653776e-167,0.0378787878787878,0.0,0.1363636363636363,11.9,0.0,0.0,0.0,35.75,0.0
5a2846ceb4a5de00011af418,450.729,0.0055816991404842,4.53978687024344e-05,-0.0048615716393174,-25.066141787462072,1.5868501393906412e-151,0.0075757575757575,0.0,0.1818181818181818,14.19,0.0,0.0,0.0,27.66,0.0
5a983a931ade740001b8ea50,450.144,0.0034552463087231,0.9999546021312976,0.5851760694689242,-32.22232288050341,4.898072064165897e-170,0.0227272727272727,0.0,0.4015151515151515,4.93,0.0,0.0,0.1666666666666666,25.42,1.0
5ad2c8334d061300011b1985,389.372,0.0473151297265178,4.53978687024344e-05,1.0,-66.37766020648402,6.889669405457689e-185,0.5303030303030303,0.0,0.7803030303030303,4.39,0.0,0.0,0.0,11.73,1.0
5adfcb03f6b58c0001fa9083,641.596,4.53978687024344e-05,0.9999546021312976,-0.0643373273704558,-28.52740405274216,4.956320942575049e-153,0.053030303030303,0.0,0.4015151515151515,204.61,0.0,0.0,0.3333333333333333,15.95,0.0
5b184f9768a5ed0001734190,720.175,4.53978687024344e-05,0.0007617804083895,-0.1846117507915737,-30.25824984151444,8.757615846523295e-154,0.0151515151515151,0.0,0.2196969696969697,214.37,0.0,0.0,0.5,41.08,0.0
5b1a3fa488ee7400012aef74,963.018,0.0074666298675221,4.53978687024344e-05,0.0595031625846168,-31.04063668846507,1.5991474871807976e-169,0.0,0.0303030303030303,0.3560606060606061,87.54,0.0,0.0,0.3333333333333333,44.55,0.0
5b608617208f1c000100bdeb,455.84,0.1097622155107223,4.53978687024344e-05,1.0,-73.19551308362372,7.477523649396734e-188,0.0378787878787878,0.0,0.4621212121212121,5.88,0.0,0.0,0.8333333333333334,16.71,0.0
5b65f7935c431c000127ae5f,502.21,4.53978687024344e-05,4.53978687024344e-05,-0.4471117215250183,-36.70274655327243,5.517015987106585e-172,0.0303030303030303,0.0,0.1969696969696969,4.42,0.0,0.0,0.3333333333333333,21.99,1.0
5b9b422307c6960001614c35,590.323,0.0607760726585375,4.53978687024344e-05,1.0,-58.121625131915295,2.679445317558805e-181,0.0454545454545454,0.0,0.4318181818181818,31.98,0.0,0.0,0.1666666666666666,41.86,0.0
5ba863a346de410001ecfb2a,588.623,4.53978687024344e-05,0.9988377191681748,0.2842968793924911,-35.91037566878899,3.049435057485426e-156,0.0454545454545454,0.0151515151515151,0.25,5.57,0.0,0.0,0.0,20.4,0.0
5bb94dea3ea7ed00017cb109,458.949,0.0224221159831369,4.53978687024344e-05,-0.7069950604706401,-38.10126233017928,3.3993473714538437e-157,0.0,0.0,0.0833333333333333,5.46,0.0,0.0,0.1666666666666666,24.73,0.0
5bbc4bd1f83ac60001fe665e,455.817,0.0293961137511142,0.3523641016927651,0.0827532897382442,-37.01271475783805,1.0111310695846777e-156,0.0,0.0,0.25,5.68,0.0,0.0,0.0,16.1,0.0
5bf0cb0411439b000168edda,355.45,0.1157448963234041,0.2804925558115009,-1.0,-42.09135859913093,6.253315730472127e-159,0.0681818181818181,0.0,0.4393939393939394,1.54,0.0,0.0,0.5,4.51,1.0
5bfb5784a66aa500019dabef,441.12,0.0584215101806977,4.53978687024344e-05,-0.2748344559099396,-40.158562029280105,4.331881128214099e-158,0.0,0.0,0.303030303030303,22.48,0.0,0.0,0.1666666666666666,16.58,0.0
5c047357d30e3200016dd9fa,337.164,4.53978687024344e-05,0.9809963180214628,-0.8211169491563357,-50.70590866716552,1.121368742700235e-162,0.3863636363636363,0.0,0.7272727272727273,1.67,0.0,0.1666666666666666,0.3333333333333333,14.53,0.0
5c09a1171907db0001602601,382.356,4.53978687024344e-05,0.0018407156615674,-0.5457295301289226,-44.86498280702156,1.557444287645949e-175,0.1666666666666666,0.0,0.4848484848484848,4.64,0.0,0.0,0.1666666666666666,21.64,0.0
5c2a9b55867f660001af0515,323.088,0.0797896995917162,0.9999546021312976,-0.2827653524173865,-52.034929730590775,2.963358028774938e-163,0.2272727272727272,0.0,0.1742424242424242,4.11,0.0,0.0,0.1666666666666666,9.49,0.0
5c3161130cfe9a00012f71ff,282.039,0.0482650934495009,4.53978687024344e-05,1.0,-69.78041422144331,5.6871026757573945e-171,0.7954545454545454,0.0,0.5909090909090909,2.79,0.0,0.0,0.1666666666666666,2.4,0.0
5c4275e526217400018bf1b4,373.593,0.0191559014454725,4.53978687024344e-05,-1.0,-51.75351525287039,1.5741734663685888e-178,0.0833333333333333,0.0,0.3409090909090909,2.4,0.0,0.0,0.0,9.68,1.0
5c59d8105bbd810001fb26de,812.213,0.0664674701959747,4.53978687024344e-05,1.0,-75.95216845084948,1.1779259646097332e-173,0.5984848484848485,0.0227272727272727,0.2272727272727272,15.99,0.0,0.1666666666666666,0.1666666666666666,32.28,0.0
5c75dbce7d36140017c53257,446.775,0.0003359314997232,4.53978687024344e-05,0.1469611334533977,-42.25806318258466,5.291897616820002e-159,0.0303030303030303,0.0,0.3181818181818182,3.47,0.0,0.0,0.5,32.67,0.0
5c9432caec114b0001419276,598.505,0.0917017532341685,0.5537391375893693,-0.4479513673566122,-45.4625487757136,2.1379958083955903e-160,0.0833333333333333,0.0,0.0833333333333333,9.29,0.0,0.0,0.1666666666666666,85.89,0.0
5c95a379a314c70012bbd4bf,460.817,0.0455121045508282,0.3706225606099359,-0.0312713885470119,-43.87698700231914,1.046050356488734e-159,0.0833333333333333,0.0,0.3257575757575757,11.53,0.0,0.0,0.1666666666666666,24.44,0.0
5cd10012174fc60016c10ffd,506.296,4.53978687024344e-05,4.572256429655148e-05,0.1945154345222976,-44.29666319547805,6.871301492008923e-160,0.0,0.0,0.0303030303030303,7.37,0.0,0.0,0.0,33.69,0.0
5d13e3e6e51708001a43fa66,489.085,0.0048581292826043,4.53978687024344e-05,-1.0,-63.54959602516995,2.9134214065382354e-168,0.0833333333333333,0.0,0.4848484848484848,36.4,0.0,0.0,0.1666666666666666,21.03,0.0
5d1b0776e1c05200018b582d,861.694,0.0082476683487342,0.6841192313472467,1.0,-59.505620753766166,1.6710257212616055e-166,0.0454545454545454,0.0,0.053030303030303,13.66,0.0,0.0,0.8333333333333334,31.06,1.0
5d1ce77cbac9bf001a4954f7,377.692,0.0048916564403828,0.000132005841813,-0.3990119093230944,-47.31729187252742,3.337351133140777e-161,0.053030303030303,0.0,0.1666666666666666,2.08,0.0,0.0,0.1666666666666666,10.96,0.0
5d2a49241d8d930001c263a7,506.116,4.53978687024344e-05,0.0012630439312549,0.9498167338545768,-61.634743658368905,1.9819873966817134e-167,0.0303030303030303,0.0,0.1515151515151515,4.0,0.0,0.0,0.0,14.93,0.0
5d3bcf190e510a001b3df200,372.097,0.8213112828398883,0.2253668990628042,0.4211436558407431,-50.97777933629206,8.541166271149767e-163,0.3333333333333333,0.0,0.1287878787878787,3.19,0.0,0.0,0.0,8.77,1.0
5d412a9013864b0015b14b31,324.832,0.0004837459050736,4.53978687024344e-05,-0.2691747489743604,-48.02027839523883,1.6507570774293258e-161,0.6590909090909091,0.0,0.3484848484848485,4.58,0.0,0.0,0.0,19.13,0.0
5d42abf3c9acd700010c41df,365.708,0.0109248693788547,0.9999546021312976,0.7031841882334268,-53.20128180646167,9.216447169035546e-164,0.3106060606060606,0.0,0.1893939393939394,8.22,0.5,0.0,0.1666666666666666,11.62,0.0
5d5a48a67ca41f0001e97f8b,407.271,0.0035973947969316,4.53978687024344e-05,-1.0,-66.40235999065256,1.6743765618642688e-169,0.2575757575757575,0.0,0.1666666666666666,16.33,0.0,0.0,0.1666666666666666,10.74,0.0
5d5af711bb10640001afd133,465.404,0.0095368196417708,0.9999546021312976,1.0,-67.89803788057297,1.5035739831045792e-185,0.0984848484848484,0.0,0.4318181818181818,7.29,0.0,0.0,0.1666666666666666,11.6,0.0
5d69d7e23aed95001b1aa05c,420.282,0.1725123993697553,0.0503115938326186,-0.4142682634697084,-62.5311786221876,8.077448848979557e-168,0.0227272727272727,0.0,0.4166666666666667,3.7,0.0,0.0,0.1666666666666666,7.7,1.0
5d7850851841fc0001e9c64d,348.343,0.0143929058270989,4.53978687024344e-05,-0.3554579279878327,-49.76511732300708,2.876611555921839e-162,0.0303030303030303,0.0,0.1136363636363636,2.93,0.0,0.0,0.0,9.32,0.0
5d9303bbc400a90018821b13,351.945,0.0027694158131186,4.53978687024344e-05,-0.366101991156802,-51.42058327474152,2.1969536121672189e-178,0.3863636363636363,0.0,0.4090909090909091,9.2,0.0,0.0,0.0,16.86,1.0
5dd03c5486c8861300974102,517.771,0.02677245025011,0.8712230594949488,1.0,-59.68189051471855,5.618389266441406e-182,0.0378787878787878,0.0,0.1893939393939394,13.27,0.0,0.0,0.0,26.1,0.0
5de8887aa2db898017debf1a,412.356,0.6192720455437634,4.53978687024344e-05,0.2833007603799195,-69.27394698558447,9.443425862614956e-171,0.1515151515151515,0.0,0.053030303030303,4.69,0.0,0.0,0.0,14.78,0.0
5df1133b99b28201e0a1181c,335.147,0.0019496571621777,4.53978687024344e-05,0.608911715018205,-58.34964739439378,5.3171512226475794e-166,0.3409090909090909,0.0,0.0984848484848484,3.82,0.0,0.0,0.0,9.52,0.0
5df5b9f661721940c46c3cd3,363.497,4.53978687024344e-05,4.53978687024344e-05,-0.2175090219465598,-51.83065573794667,3.635955532170338e-163,0.2121212121212121,0.0,0.2348484848484848,3.15,0.0,0.0,0.0,16.42,2.0
5e03f8517f08edece67a3137,720.008,0.0736926490605067,4.53978687024344e-05,0.8688612957807964,-68.81285731028854,1.4984279285833171e-170,0.0303030303030303,0.0227272727272727,0.3333333333333333,38.71,0.0,0.0,0.0,32.73,0.0
5e223f4219295951f846dd16,465.802,0.1617985947741802,4.53978687024344e-05,1.0,-97.65824137568262,4.292314940957284e-183,0.1818181818181818,0.0075757575757575,0.3636363636363636,2.29,0.0,0.0,0.3333333333333333,13.86,0.0
5e2cd786dc63ca2ff798a0ca,499.076,0.0194346665917153,4.53978687024344e-05,-0.7485218654300229,-56.59772678912307,3.072820412898967e-165,0.1439393939393939,0.0227272727272727,0.4848484848484848,1.8,0.0,0.0,0.1666666666666666,3.63,0.0
5e55e83cc65ccb5ed547cb04,622.936,0.0527262732335557,0.3786511958462947,0.052357141662723,-53.16132734606775,9.592654645339929e-164,0.0227272727272727,0.0,0.0227272727272727,45.04,0.0,0.0,0.1666666666666666,50.17,0.0
5e7abb2c6c89e4000a180b4a,526.602,0.0673071190366959,0.9999546021312976,-0.3994657241072052,-65.74991077308086,1.2916658559378382e-184,0.0,0.0,0.4545454545454545,11.27,0.0,0.0,0.1666666666666666,30.92,0.0
5e7fb4743c00ce69510024fb,602.785,0.1394514076457874,4.53978687024344e-05,1.0,-87.09826601930538,6.744219940500612e-194,0.0,0.0,0.8636363636363636,14.36,0.0,0.0,0.3333333333333333,26.94,1.0
5ec0aeb3d216ee36d856ead2,386.011,4.53978687024344e-05,0.9999546021312976,-1.0,-77.2863143864978,1.2447468196673534e-189,0.0378787878787878,0.0,0.3106060606060606,10.18,0.0,0.0,0.1666666666666666,15.56,0.0
5ec0d47ecf12be4ea2754516,433.187,0.0041482026741217,0.9999546021312976,1.0,-68.57436586369674,1.902587892597668e-170,0.5984848484848485,0.0,0.4166666666666667,3.24,0.0,0.0,0.3333333333333333,6.51,0.0
5ecbd383243b3438410dae19,494.369,0.0095466795318443,0.9999546021312976,0.5181008214223847,-57.34419090685015,1.4551962337003444e-165,0.0909090909090909,0.0,0.0757575757575757,12.05,0.0,0.1666666666666666,0.0,39.7,2.0
5ede9b80b8a141131edabbe1,561.119,0.0270775692137818,0.9999546021312976,-1.0,-79.87251340756289,9.345747498346627e-191,0.0227272727272727,0.0151515151515151,0.25,26.45,0.0,0.0,0.0,42.65,0.0
5ee71ce25f11c84a3e909b09,579.666,0.043249454064299,4.53978687024344e-05,-1.0,-60.63568939196277,5.3895728197620754e-167,0.1818181818181818,0.0075757575757575,0.4545454545454545,3.62,0.0,0.0,0.0,18.43,0.0
5ee8f9a309471c0d46a6d247,737.15,0.0725752922161395,0.6470466954380244,-0.236306421174523,-56.71368526974568,2.7359624949995465e-165,0.2196969696969697,0.0075757575757575,0.2651515151515151,8.06,0.0,0.0,0.3333333333333333,8.88,0.0
5efc1d4ee23e2a011ded073e,351.429,0.0132980026597716,0.3574062993291121,0.4827571471755802,-59.75787357337097,1.2980359254195122e-166,0.2954545454545454,0.0,0.4015151515151515,2.76,0.0,0.0,0.0,8.68,1.0
5f1f3581b5cf3e103cc545c9,689.277,0.0233523918732829,0.9999546021312976,-0.0481836883933979,-57.45894314607979,1.297236660480074e-165,0.0,0.0075757575757575,0.2424242424242424,10.55,0.0,0.0,0.1666666666666666,20.34,1.0
5f2e0b28c642b31678638a21,410.927,4.53978687024344e-05,0.0015812040133367,-0.2619934833877952,-57.487727154344185,1.260381164756632e-165,0.0227272727272727,0.0,0.3106060606060606,2.74,0.0,0.0,0.0,7.6,0.0
5f4000a47ed89c0e7f2e3760,357.542,0.0150425780285698,0.2132618564164023,-1.0,-71.24761380005802,5.256656665278086e-187,0.106060606060606,0.0,0.4469696969696969,2.15,0.0,0.0,0.3333333333333333,15.26,1.0
5f43ef4041bb5f11a27aa07e,541.79,0.0063340381044762,0.9999546021312976,0.9762124166119672,-70.2536471966191,3.540828513754285e-171,0.0151515151515151,0.0,0.2196969696969697,17.05,0.0,0.1666666666666666,0.1666666666666666,40.69,0.0
5f48dab70aa4ce3aa1914003,455.614,4.53978687024344e-05,4.53978687024344e-05,0.1835863121885391,-57.61746713907854,1.106832389273746e-165,0.0075757575757575,0.0,0.2878787878787879,28.78,0.0,0.0,0.1666666666666666,20.28,0.0
5f507fb3e29c991f68f5879a,408.587,0.0060037804306905,0.9999546021312976,1.0,-71.76066518315208,7.830286477861143e-172,0.0227272727272727,0.0,0.106060606060606,5.74,0.0,0.0,0.0,8.19,0.0
5f5691fb24d1090e6bcdf1ec,443.622,0.0019897871720329,0.9999546021312976,-0.1475399780488704,-58.0315339324173,7.311672790921306e-166,0.1363636363636363,0.0,0.1590909090909091,9.91,0.0,0.0,0.1666666666666666,33.45,0.0
5f5834134283933a1c3b42d0,492.639,0.0124694176738248,4.53978687024344e-05,-0.5973385487093955,-61.588318460618325,8.330380792179893e-183,0.1590909090909091,0.0,0.5075757575757576,17.75,0.0,0.0,0.0,36.61,0.0
5f721a81ee2a860fe028a8a4,926.632,0.0492365202272641,0.581591074527938,-1.0,-67.35967844904182,2.5775547260196814e-185,0.0303030303030303,0.0075757575757575,0.4696969696969697,18.28,0.0,0.0,0.1666666666666666,40.82,1.0
5f932e6a3ceaf50d5768745b,267.685,0.0137528398481516,4.53978687024344e-05,-0.1631224373250718,-58.46220808558749,4.7503966618017714e-166,0.5378787878787878,0.0,0.2424242424242424,5.27,0.0,0.0,0.0,5.42,0.0
5f934f7fdc89a111b5712011,438.316,0.0400750711709296,0.9999546021312976,-1.0,-87.51662492531625,4.4364480927218766e-194,0.1287878787878787,0.0,0.2727272727272727,5.94,0.0,0.0,0.0,15.32,0.0
5f9873550513db147c9d2958,405.394,0.0673458451984053,4.53978687024344e-05,-0.1184541944596338,-64.14400363692866,6.447881255222796e-184,0.0757575757575757,0.0,0.4242424242424242,2.65,0.0,0.0,0.0,13.66,1.0
5fa5a899f2b7600f72104ad1,318.016,4.53978687024344e-05,4.53978687024344e-05,0.5959991101490356,-66.48069264741298,6.214395406870345e-185,0.3787878787878788,0.0,0.4318181818181818,2.54,0.0,0.0,0.1666666666666666,6.46,0.0
5fa935b3d330fa0429da624a,389.613,0.0194039447302698,0.3524200410008955,0.9109041518907736,-72.33295394732639,1.7733736761619866e-187,0.0075757575757575,0.0,0.2348484848484848,2.54,0.0,0.0,0.0,5.89,0.0
5fa9fffcf843322ce7456283,467.02,0.0206475777202059,0.316348209836569,-0.4467668575146399,-61.40223889402242,2.5015481970017745e-167,0.0075757575757575,0.0,0.2575757575757575,4.14,0.0,0.0,0.0,15.24,0.0
5fb3d39a2ceaab00087faddb,386.115,4.53978687024344e-05,0.2003674120015411,0.821237413410981,-72.68239733070436,3.11145645162885e-172,0.3787878787878788,0.0,0.4469696969696969,7.79,0.0,0.0,0.1666666666666666,19.03,0.0
5fb7c9fa2be0a83d8f8913b8,368.783,0.0132536149140997,4.53978687024344e-05,-1.0,-72.79193549799315,2.78824729237799e-172,0.0075757575757575,0.0,0.3939393939393939,2.27,0.0,0.0,0.1666666666666666,13.56,0.0
5fc70f3bd255c10f0b2346ba,645.567,0.0487967983760657,4.53978687024344e-05,-1.0,-69.99150544035979,1.8487206297659687e-186,0.0,0.0075757575757575,0.2045454545454545,20.68,0.0,0.1666666666666666,0.0,34.88,1.0
5fcecd70db3ccb1a7f9331c9,476.486,0.0301220866568025,4.53978687024344e-05,0.1678964228242158,-65.39698429773159,4.58193023861271e-169,0.0075757575757575,0.0,0.4924242424242424,11.5,0.0,0.0,0.3333333333333333,44.44,0.0
5fd6ebe9b77a3d65df0c0674,579.694,0.352970287819464,0.8858132350281069,-1.0,-79.25756476557005,4.303243075049402e-175,0.0984848484848484,0.0,0.3863636363636363,20.89,0.0,0.0,0.1666666666666666,32.7,0.0
5fd8025bcfda8b1165a0b16e,531.762,0.0181980882453367,4.53978687024344e-05,-0.1213451332355689,-61.81096490650839,1.6613787043318485e-167,0.0151515151515151,0.0,0.1666666666666666,11.18,0.0,0.0,0.1666666666666666,22.04,0.0
5fe354a2e44df4fb4634bbc3,397.853,0.0080318997350963,0.9999546021312976,1.0,-77.1575101967423,3.523580037470742e-174,0.1136363636363636,0.0,0.3484848484848485,12.01,0.0,0.0,0.0,29.4,0.0
6005fd9c8bbd67931607e518,422.877,0.027010694401911,4.53978687024344e-05,1.0,-97.48218154243384,2.0616455474340186e-198,0.2878787878787879,0.0,0.7727272727272727,5.68,0.0,0.0,0.1666666666666666,13.49,0.0
60234c1d5a0cf81cba76ce5d,1140.393,4.53978687024344e-05,0.9999546021312976,-0.3517823784033885,-64.60907390834099,1.0085057695793992e-168,0.0,0.053030303030303,0.1590909090909091,22.99,0.0,0.3333333333333333,0.0,56.12,0.0
602b3ed14ae791260d6d12c5,330.088,0.13835809011956,0.9710087654948756,-0.3958765188980517,-76.03501331058277,4.356558398095208e-189,0.1969696969696969,0.0,0.5757575757575758,1.64,0.0,0.0,0.1666666666666666,11.96,0.0
60429021c960ed190edaedca,424.247,0.0510183508076751,0.9999546021312976,1.0,-69.27838271978212,9.401576490576494e-171,0.5909090909090909,0.0,0.4318181818181818,9.59,0.0,0.0,0.1666666666666666,26.96,0.0
604945573fc8844cdd15b9bf,468.997,0.0685336016153382,0.3398620197179998,-1.0,-70.72686723104741,8.853854469549338e-187,0.0,0.0,0.3863636363636363,8.12,0.0,0.0,0.0,22.54,0.0
60599946259dc97d30e2001f,422.716,0.1954004323351287,0.466017490358025,-0.1095429443944677,-66.31037239833628,1.8359235186138412e-169,0.0378787878787878,0.0,0.1363636363636363,9.39,0.0,0.0,0.1666666666666666,12.8,0.0
605fb0818ad4067b3d99ece0,496.031,0.1072727502904894,0.5473977296360643,-1.0,-72.55667732541056,1.4175056352489497e-187,0.0,0.0,0.303030303030303,9.67,0.0,0.0,0.0,31.17,0.0
6063a00c6fd08d0a972382a4,515.727,0.0131962186134862,0.6030556567891572,0.4909173829876267,-66.70736090583009,1.2337337306451337e-169,0.0,0.0075757575757575,0.1439393939393939,6.07,0.0,0.0,0.5,25.81,0.0
60761cf3cc35a2a9b127b414,347.764,4.53978687024344e-05,4.539809468858452e-05,0.4701901697310719,-68.22130599490885,2.709406961433884e-170,0.0757575757575757,0.0,0.3863636363636363,2.41,0.0,0.0,0.1666666666666666,6.63,0.0
608590825d295c858cbe7fa9,399.734,0.1404163661480495,0.4372903697536634,0.8065812321239992,-70.73636823167656,2.183700879488812e-171,0.1363636363636363,0.0,0.3560606060606061,4.83,0.0,0.0,0.0,31.57,1.0
608d0831835bd8f85ac9237e,583.844,0.0080678198971641,0.9999546021312976,1.0,-80.97017220397464,7.746217422482235e-176,0.0984848484848484,0.0,0.0909090909090909,18.75,0.0,0.0,0.0,45.17,0.0
6092dea4efd6d61350f0fdbf,382.153,0.1339285084913341,0.0019189750222026,-1.0,-73.00884276597719,2.2439319250929264e-172,0.0833333333333333,0.0,0.3863636363636363,2.79,0.0,0.0,0.0,8.94,0.0
609e15bbf246a639a4123518,582.176,0.0850939609941788,0.6993474546935116,0.6838428865561555,-68.43470987030896,8.785687940540305e-186,0.1969696969696969,0.0,0.4242424242424242,5.95,0.0,0.0,0.0,12.9,0.0
60a3128cb035414bb4588090,417.718,0.0128119009763954,4.53978687024344e-05,1.0,-87.62314737447709,9.912037332597449e-179,0.25,0.0075757575757575,0.1136363636363636,3.06,0.0,0.1666666666666666,0.0,30.83,0.0
60ae62a5004d7bdf5428bb95,995.674,4.53978687024344e-05,0.9999546021312976,-0.410272523575331,-68.41522647351759,2.2312442522542684e-170,0.0681818181818181,0.0,0.4621212121212121,22.65,0.0,0.1666666666666666,0.0,109.56,0.0
60aeef267e494909058ef34e,418.209,4.53978687024344e-05,0.9967925563808584,0.0219015014002476,-64.91911567285976,7.39356389624416e-169,0.5454545454545454,0.0,0.1363636363636363,8.8,0.0,0.0,0.0,16.39,1.0
60bafed1d4e636dce6350863,394.952,4.53978687024344e-05,0.9999546021295572,-0.4701581405530846,-69.90831375530783,5.003497702681315e-171,0.2575757575757575,0.0,0.3787878787878788,4.47,0.0,0.0,0.1666666666666666,20.72,1.0
60beba435afc451476fa7781,363.729,0.0170072004126746,0.9999546021312976,1.0,-77.75829525860439,1.9308031276696522e-174,0.1439393939393939,0.0,0.2878787878787879,7.75,0.0,0.0,0.0,11.17,0.0
60cd717e463162435e3b7d46,266.003,0.0074525992064621,0.9999248760026924,0.5758397958850171,-70.41240781009566,1.2129999870731737e-186,0.6893939393939394,0.0,0.5378787878787878,4.2,0.0,0.0,0.0,4.67,0.0
60ce8efd3dc93c8607362691,393.362,0.0410598299497996,4.53978687024344e-05,1.0,-101.34127193888187,4.3290091031328395e-200,0.4090909090909091,0.0,0.7272727272727273,2.62,0.0,0.0,0.5,3.56,2.0
60d2d061fd054556769ca306,373.885,0.0186642677085973,0.9999546021312976,0.922972069720127,-73.56277080909626,5.176946284048847e-188,0.1742424242424242,0.0,0.4318181818181818,6.09,0.0,0.0,0.1666666666666666,3.03,0.0
60ed200c728ab881912aac11,501.282,0.0238348175957285,0.0129364201680841,-0.2142707244910481,-66.85328863554997,1.0660162688777292e-169,0.053030303030303,0.0,0.5227272727272727,31.63,0.0,0.0,0.0,22.43,0.0
60f08e2a0d6d27ff93244345,377.922,0.0617108094951544,0.0853329608699128,0.3728139933926943,-74.69011836550283,4.167860812792583e-173,0.4015151515151515,0.0,0.2121212121212121,11.96,0.0,0.0,0.1666666666666666,21.08,0.0
60f75a701ac4cfc5c17cceb7,528.771,0.1025045142331599,0.4870824380931641,-0.5331537285749876,-68.32613587493466,2.439430928454862e-170,0.0,0.0,0.3712121212121212,7.42,0.0,0.0,0.1666666666666666,17.54,0.0
60fc9ce95a59b3400b38e2a7,548.702,4.53978687024344e-05,0.999954602053412,-0.6901277348522609,-76.24969478719169,8.744615195553786e-174,0.0075757575757575,0.0,0.4242424242424242,9.53,0.0,0.0,0.0,32.83,0.0
60fcd2b146529d02f1566012,442.68,4.53978687024344e-05,0.9999546021312976,-1.0,-88.5188679299284,1.6265807365457092e-194,0.0,0.0,0.3863636363636363,7.45,0.0,0.0,0.3333333333333333,24.14,0.0
60fcd5602ff7c8f0866ecd0c,372.939,0.003070751662266,4.53978687024344e-05,-1.0,-85.11292806512756,4.921870971401675e-193,0.2727272727272727,0.0,0.4090909090909091,5.38,0.0,0.0,0.1666666666666666,15.42,0.0
60fcd9368e8d2b8740cf9251,785.425,4.53978687024344e-05,4.53978687024344e-05,0.0531847553801275,-67.30469309814562,6.78371998191559e-170,0.0303030303030303,0.0,0.106060606060606,136.78,0.0,0.0,0.1666666666666666,84.44,0.0
60fcdd3be2ae9576df065728,436.738,0.0048445018523458,0.9999546021312976,0.647958520599681,-74.30742997466967,6.113972612559477e-173,0.053030303030303,0.0,0.1742424242424242,6.7,0.0,0.0,0.1666666666666666,15.58,1.0
60fcf7102d7c9907d95a0920,371.53,0.0337354629570689,4.53978687024344e-05,-0.4710389583974491,-69.69496866127471,6.195084756693788e-171,0.1515151515151515,0.0075757575757575,0.3939393939393939,1.78,0.0,0.0,0.3333333333333333,7.77,0.0
60fd738c235e974993ad455c,500.611,0.0416713006036976,0.9999546021312976,0.0525750809843496,-70.4093329805217,3.029735616021622e-171,0.053030303030303,0.0,0.303030303030303,10.52,0.0,0.1666666666666666,0.1666666666666666,27.41,0.0
60fd80b85dd6b22f66d16822,360.863,0.1239338538220115,4.53978687024344e-05,0.6061498471154755,-83.6747090212338,5.164916602957104e-177,0.25,0.0,0.0606060606060606,3.84,0.0,0.0,0.0,15.2,0.0
60fd933d5461857048f9e74c,439.649,0.0805229346603405,4.53978687024344e-05,1.0,-106.2295195156738,3.244413841392096e-202,0.25,0.0,0.3106060606060606,7.17,0.0,0.0,0.0,21.11,0.0
60fd9e6a8312b735fef884d4,729.271,4.53978687024344e-05,0.0014549053765107,1.0,-87.65734576439644,9.578390192779904e-179,0.0,0.0,0.0681818181818181,16.35,0.0,0.0,0.0,51.99,0.0
60fdbd3afcd943b7119d6f4a,477.442,0.0847762144897094,0.5284090854582897,-0.976819940091744,-74.43725522639663,5.36870516167706e-173,0.0075757575757575,0.0,0.2121212121212121,2.76,0.0,0.0,0.0,19.62,0.0
60ff4339f5ffb265d16b144f,460.942,0.0353737217486793,4.53978687024344e-05,-0.4191728109733371,-70.49893176794373,2.769762946504719e-171,0.3484848484848485,0.0,0.0681818181818181,15.28,0.0,0.1666666666666666,0.0,35.83,1.0
60ff5fb6cbf1bb7de9bf2801,531.78,0.0280540713852546,0.7173628462673276,0.7085490387622004,-74.47279383757615,5.181025749344315e-173,0.4696969696969697,0.0,0.25,24.5,0.0,0.0,0.0,37.7,0.0
610063614e6ba35532307dda,462.776,0.1043049046846266,0.7668537086027698,-0.7616090071347713,-78.1240365043563,1.3387480280637066e-174,0.0,0.0,0.2272727272727272,7.78,0.0,0.0,0.0,11.06,0.0
61006f43a84b82fb439d7cba,443.581,0.025003503292331,4.53978687024344e-05,1.0,-97.01199357712498,3.300956219645396e-198,0.0681818181818181,0.0,0.2727272727272727,5.14,0.0,0.0,0.3333333333333333,13.98,0.0
610189e61b2d3520eea21de6,401.78,0.0307418446063145,4.53978687024344e-05,0.5947037407626286,-80.97703900097832,3.09295737957336e-191,0.0303030303030303,0.0,0.4924242424242424,12.03,0.0,0.0,0.1666666666666666,13.25,0.0
61021c2ad3b0633be797eddf,587.894,0.0036095388531298,0.9999360392749488,0.0103219995345785,-69.53677638997863,7.2583436329771225e-171,0.0,0.0075757575757575,0.0151515151515151,15.36,0.0,0.0,0.0,78.61,0.0
61038afee6aa0fcfbf968e56,553.496,4.53978687024344e-05,0.9999546021312976,-1.0,-95.95020939927016,2.3734004038845728e-182,0.0757575757575757,0.0,0.3636363636363636,22.74,0.0,0.0,0.0,37.81,1.0
6105338a15c74e8435e95c71,370.891,0.0384717916510292,0.9999546021312976,-0.361669612179972,-78.64099748402566,7.978174389491795e-175,0.5984848484848485,0.0,0.1212121212121212,5.61,0.0,0.0,0.3333333333333333,22.77,0.0
610745dee13497549c9d6fba,516.205,0.1247919917978211,0.9999546021312976,-0.6595608726465245,-93.73264209538158,8.798829631710801e-197,0.0,0.0,0.2575757575757575,5.37,0.0,0.0,0.0,40.72,0.0
6108027a71236aa28a407666,439.409,0.1464848959465474,0.1703973781201315,-0.5684179640317569,-75.88678096510878,1.257625434732771e-173,0.0,0.0,0.3181818181818182,2.01,0.0,0.0,0.5,9.82,0.0
6108114eaacc3458294b244c,416.859,0.0212613642769452,4.53978687024344e-05,0.7711175192147777,-83.66643560504475,5.207878776858297e-177,0.1590909090909091,0.0,0.3863636363636363,7.59,0.0,0.0,0.0,13.25,2.0
61086469e5457fed4f164b8e,615.297,0.0149268053678519,0.9999546021312976,0.5419875721378145,-73.22475294427463,1.807680668450361e-172,0.2348484848484848,0.0,0.0757575757575757,24.24,0.0,0.0,0.0,40.61,0.0
6108cd48a97ffccb0e7e518c,570.882,0.0436239237959519,0.9999546021312976,1.0,-79.21105291334682,1.8122294029227507e-190,0.0454545454545454,0.0075757575757575,0.2272727272727272,6.79,0.0,0.0,0.1666666666666666,23.17,0.0
610940bbdb7795c3be364375,311.084,0.0528054127567087,0.3293893437749132,-0.2255358096900055,-71.14407879243126,1.4517774476308393e-171,0.3181818181818182,0.0,0.4848484848484848,1.67,0.0,0.0,0.3333333333333333,11.59,1.0
610b416fd4f5d1dcfaa28d7a,465.434,0.0153239131748278,4.53978687024344e-05,-0.523680956225337,-73.30283603598909,6.715736064108174e-188,0.0,0.0,0.2424242424242424,10.85,0.0,0.0,0.1666666666666666,12.14,0.0
610c736500a4b33398fef94f,417.421,0.0261179471434537,4.53978687024344e-05,-0.6209643112946303,-73.42395895183756,1.4808039765678382e-172,0.0,0.0,0.1969696969696969,7.6,0.0,0.0,0.3333333333333333,28.3,0.0
61103c2b7810420e5f23f437,619.351,0.0185697617366824,4.53978687024344e-05,-1.0,-86.14155327040883,1.7575072959832091e-193,0.053030303030303,0.0151515151515151,0.3863636363636363,4.04,0.0,0.0,0.0,28.48,0.0
6110ac49fa97e0c2c87223a2,519.85,0.0130094744539927,4.53978687024344e-05,-1.0,-82.12251928157465,2.443475683615016e-176,0.0151515151515151,0.0227272727272727,0.1742424242424242,8.79,0.0,0.0,0.1666666666666666,10.11,0.0
6111803025c0b80658532a61,420.391,4.53978687024344e-05,4.539823882760601e-05,0.6902772881668854,-81.14003425028463,6.534727563508375e-176,0.0,0.0,0.3863636363636363,4.01,0.0,0.0,0.3333333333333333,6.83,0.0
611343092396f1d9ed7018ad,535.206,0.0662596461683518,0.2807198956155164,-0.2260749741898997,-72.5259217898332,3.6392074306585294e-172,0.0151515151515151,0.0151515151515151,0.2196969696969697,7.6,0.0,0.0,0.0,25.62,0.0
611401411bf1ede5a4d85bdc,377.541,4.53978687024344e-05,4.5397871025272206e-05,0.8211878601665277,-84.68257051854894,1.88283688652183e-177,0.0681818181818181,0.0,0.3333333333333333,9.01,0.0,0.0,0.3333333333333333,14.76,0.0
611d4519393cabb9a4a46ebd,533.999,0.0402121042673658,4.53978687024344e-05,0.1268574047178104,-77.07953297701533,3.809709769543345e-174,0.0,0.0,0.25,10.82,0.0,0.0,0.1666666666666666,26.7,0.0
611f9bb3dcada21890ed9af0,703.775,0.0058847163418773,4.53978687024344e-05,-0.8076844611917373,-81.48819493305838,4.6114200036036496e-176,0.0,0.0075757575757575,0.2954545454545454,26.36,0.0,0.0,0.0,54.56,0.0
6127e94c6abf253c484b38b7,356.908,0.0120744251510495,4.53978687024344e-05,0.170609532837148,-74.25151179577082,6.466053123343234e-173,0.2651515151515151,0.0,0.3636363636363636,4.25,0.0,0.0,0.0,17.44,0.0
61282ca83be28773ac7c421f,961.663,0.0368214760255759,0.2345423483479034,-0.0196969723554344,-73.69315030954803,4.543437108715656e-188,0.0,0.0075757575757575,0.4015151515151515,98.18,0.0,0.1666666666666666,0.1666666666666666,58.62,0.0
612fbc37af2136fe81fc71a9,463.703,0.204930497076193,0.4816235799689909,0.9023654848822066,-79.48691556778257,3.420308526701575e-175,0.2954545454545454,0.0,0.5833333333333334,23.25,0.0,0.0,0.0,36.0,0.0
613107a0c7fc3a96a54c7693,385.516,4.53978687024344e-05,0.9999546021312976,-0.7324496495998417,-83.3427617716193,2.895867424014761e-192,0.0075757575757575,0.0,0.3712121212121212,3.65,0.0,0.0,0.0,13.69,0.0
613e002e81f4b2409b531dbd,687.321,0.0061170527327261,9.572666387843996e-05,0.1970217563053357,-74.35214709546977,5.846264292695724e-173,0.0151515151515151,0.0,0.1742424242424242,13.29,0.0,0.1666666666666666,0.3333333333333333,27.7,0.0
6143e0914f93b50419ba30ab,276.559,0.0343956844553843,4.53978687024344e-05,1.0,-97.4056402631151,5.527469131566249e-183,0.7575757575757576,0.0,0.1893939393939394,2.78,0.0,0.0,0.1666666666666666,2.14,1.0
6144bf2539bc8f85335af4be,525.09,0.0066237698009012,4.53978687024344e-05,0.3083759748750097,-76.34141824939647,7.977290508220893e-174,0.0,0.0,0.1893939393939394,11.85,0.0,0.0,0.0,29.82,0.0
61492ac26b91b5b11ba2c88b,504.727,0.1403742497110932,4.53978687024344e-05,-1.0,-83.80565363703084,4.530272267776294e-177,0.0,0.0,0.1590909090909091,7.36,0.0,0.0,0.0,29.62,0.0
614fe09fec9ce4a2a415476d,305.289,0.0673501185361649,4.53978687024344e-05,1.0,-100.60172246307272,9.076593686204546e-200,0.5681818181818182,0.0,0.9772727272727272,2.88,0.0,0.0,0.8333333333333334,6.92,0.0
61509f0576598bbf74387211,325.773,0.0241294984338133,4.53978687024344e-05,-1.0,-81.823677857657,3.2957538848273046e-176,0.25,0.0,0.2651515151515151,1.93,0.0,0.0,0.0,4.47,0.0
6150e9017c1b2aa8bf683c32,666.802,0.0534780012928857,0.4728768031218606,0.5915642533038348,-77.36860622377816,2.852271201105559e-174,0.0075757575757575,0.0,0.0378787878787878,21.4,0.0,0.1666666666666666,0.0,38.97,0.0
6156a0460b95fa57be8312c4,430.376,0.0967645243911377,0.2261609301699867,1.0,-90.34714330104136,6.481851183097834e-180,0.4015151515151515,0.0,0.1439393939393939,13.42,0.0,0.0,0.0,18.6,0.0
615e68b3f55d1cf5f6defc2a,533.578,4.53978687024344e-05,4.53978687024344e-05,1.0,-99.3507206361392,3.175579993361275e-199,0.1363636363636363,0.0,0.1818181818181818,15.9,0.0,0.0,0.3333333333333333,33.12,0.0
6162341a644c08d5cca4b7bb,481.351,0.0528143846490401,4.53978687024344e-05,-0.4763339179032214,-76.27736769601734,8.505646601722553e-174,0.0303030303030303,0.0,0.2575757575757575,4.06,0.0,0.0,0.1666666666666666,31.98,0.0
61650ba8e42101c561bf7335,520.499,0.0075180126146976,0.9999546021312976,0.6382314504614135,-79.92044450375838,2.215900917590381e-175,0.3787878787878788,0.0,0.1742424242424242,14.54,0.0,0.0,0.0,41.1,0.0
620bdd8ca922fc3f247f6c82,335.259,0.0244629857689537,4.53978687024344e-05,-1.0,-85.87086665123073,2.3045604429616556e-193,0.2575757575757575,0.0,0.2651515151515151,3.28,0.1666666666666666,0.0,0.1666666666666666,5.62,0.0
62715bfe8dcc19e21152dce0,499.376,0.234161322440384,4.53978687024344e-05,1.0,-104.1400901641132,6.520991313027598e-186,0.5757575757575758,0.0,0.3560606060606061,12.86,0.0,0.0,0.0,33.54,1.0
6276b88b3b4036b3f0ca289b,461.487,0.022281672568577,4.53978687024344e-05,-0.7028969822716631,-77.6465456136417,8.678681384815132e-190,0.303030303030303,0.0075757575757575,0.4924242424242424,4.19,0.0,0.0,0.1666666666666666,28.49,0.0
628419137c4c3ded72e4874d,493.129,0.0636955721686571,0.9999546021312976,0.5446866409918184,-77.91568937861311,1.64928843869147e-174,0.0,0.0,0.2575757575757575,7.07,0.0,0.0,0.3333333333333333,11.61,0.0
628dec55823f672331c68577,421.873,0.0334428060228379,0.2979367110904144,-1.0,-84.15070756177698,1.289711196091396e-192,0.2196969696969697,0.0,0.3787878787878788,2.83,0.0,0.0,0.0,15.53,0.0
62951043176ada9a9de2faa4,359.587,4.53978687024344e-05,0.1401215700784414,0.3519598780382343,-77.82679134660938,1.802823034580105e-174,0.0681818181818181,0.0,0.1818181818181818,4.14,0.0,0.0,0.1666666666666666,8.5,0.0
62a74b5136555a52d4911cac,459.407,0.0115837085587842,0.9999546021312976,0.490249786886842,-77.42385659350501,1.0846213172535908e-189,0.3257575757575757,0.0,0.6212121212121212,8.0,0.0,0.0,0.3333333333333333,18.34,0.0
62aa4aba6960dfb1b61f7583,435.648,0.0407047967023695,0.9999546021312976,-0.367333882968229,-82.46793557220079,1.7290558892790985e-176,0.2196969696969697,0.0,0.7121212121212122,5.05,0.0,0.0,0.1666666666666666,8.61,0.0
62acc04d0a7788636b0e9915,470.599,4.53978687024344e-05,0.9999546021312976,-1.0,-98.0184760460074,1.2051665851069907e-198,0.3484848484848485,0.0,0.5757575757575758,16.72,0.0,0.0,0.3333333333333333,30.19,0.0
62b33e2a447824fbd0770025,553.928,0.0182976831850979,4.53978687024344e-05,-1.0,-85.3849879042763,9.319225285358327e-178,0.0075757575757575,0.0,0.1363636363636363,7.47,0.0,0.0,0.0,26.41,0.0
62c5e680e4a4b4648606d756,401.176,0.002422640814325,0.9999546021312976,-0.324724380186536,-78.29831155915606,4.519272906416985e-190,0.0454545454545454,0.0,0.3863636363636363,8.0,0.0,0.1666666666666666,0.1666666666666666,11.26,0.0
62d06d1b651d6922f62fab9b,398.975,4.53978687024344e-05,4.53978687024344e-05,0.238676409171541,-77.123810154511,3.644503110291645e-174,0.5984848484848485,0.0,0.3636363636363636,2.77,0.0,0.0,0.1666666666666666,29.35,0.0
62d78737dcea82e9f96b957c,519.214,0.1238713012299565,4.53978687024344e-05,1.0,-122.6256312247082,5.982385068922147e-194,0.5075757575757576,0.0,0.3181818181818182,9.77,0.0,0.0,0.0,35.27,0.0
62dc4a5fef307ee53c61afcc,555.965,4.53978687024344e-05,0.9999546021312976,-1.0,-97.25850802939652,6.404742308428845e-183,0.3939393939393939,0.0,0.3484848484848485,70.67,0.0,0.0,0.1666666666666666,14.71,0.0
62ded68be9e12bf448a7ffdb,299.796,0.010201660074171,4.53978687024344e-05,-0.2678333850904115,-76.76108470369618,5.240425888129023e-174,0.7196969696969697,0.0,0.3106060606060606,11.26,0.0,0.0,0.1666666666666666,24.08,1.0
62e19208352cd518d7b2f085,567.797,0.0187716147990674,0.9999546021312976,-0.9073435456575912,-92.68438545763556,2.512955262760659e-196,0.0,0.0,0.4166666666666667,62.19,0.0,0.0,0.0,22.89,0.0
62ec219e5f3634408fb35580,462.284,0.4029566845051092,0.2128767549791194,-0.149509927402578,-82.78122524557395,1.2635136790868249e-176,0.1893939393939394,0.0,0.3863636363636363,10.25,0.0,0.0,0.0,29.29,0.0
62f6bc18e456bdf4bc90dd7b,1462.01,0.0631900601532274,0.4077468738538255,-0.5229873717768799,-78.29399307257032,1.1292624502016018e-174,0.4015151515151515,0.0227272727272727,0.5454545454545454,22.21,0.0,0.0,0.1666666666666666,297.74,1.0
62f94c417a55be0afc4c5a4b,502.501,0.1379061627034017,4.53978687024344e-05,0.6532770631711706,-96.860318963055,9.54202310565142e-183,0.1893939393939394,0.0,0.2196969696969697,20.72,0.0,0.0,0.0,33.22,3.0
62fd76d3f0824c29d4b1e6bd,407.726,0.0073489956423055,4.53978687024344e-05,-0.7584578050702581,-84.60124630633626,2.0425609868891013e-177,0.5,0.0,0.5151515151515151,12.9,0.0,0.0,0.0,29.93,0.0
63034df51d918e1e3b97e5ce,731.497,0.0280955862074285,0.9999546021312976,0.7486966968325732,-80.7994773526614,9.189969124730134e-176,0.0151515151515151,0.0075757575757575,0.1818181818181818,18.88,0.0,0.0,0.0,57.7,1.0
6310ceffa120ca2c1fbe1d92,625.906,0.074665837547565,4.53978687024344e-05,1.0,-103.85555971448788,8.670206896236134e-186,0.0,0.0,0.1893939393939394,14.62,0.0,0.0,0.5,29.84,0.0
631381096e95278a3f97fed4,676.432,0.0091170214270282,4.53978687024344e-05,-0.1769040498325026,-77.3640197419382,2.8653996874317037e-174,0.2651515151515151,0.0,0.1666666666666666,52.3,0.0,0.0,0.0,47.81,0.0
63153455849b153d56dd81db,793.491,0.1991978264185507,0.3203689561680047,0.7330641289350125,-87.79433674163667,8.35074227550202e-179,0.3560606060606061,0.0,0.1818181818181818,10.2,0.0,0.0,0.0,36.45,0.0
63174f52c207f299e8f8dc08,457.17,4.53978687024344e-05,0.9999546021312976,-0.1182884068936469,-77.70744222053553,2.031659740770521e-174,0.0,0.0,0.2348484848484848,5.19,0.0,0.0,0.0,17.39,0.0
631b428359f449b8159625f8,554.047,0.0482272464930312,4.53978687024344e-05,1.0,-108.77275759736555,2.54347866856386e-203,0.1969696969696969,0.0075757575757575,0.9924242424242424,15.08,0.0,0.0,0.0,28.44,0.0
631ce86c7a3ce20f628bae05,463.268,0.0891694038696324,4.53978687024344e-05,-0.1671565975564475,-85.28958722851931,1.0253283082705306e-177,0.1590909090909091,0.0,0.4166666666666667,3.36,0.0,0.0,0.1666666666666666,14.5,2.0
631e8c52a408a788b7e62e11,379.022,0.0148462501408374,4.53978687024344e-05,1.0,-97.25332535288972,2.5924764463172423e-198,0.1969696969696969,0.0151515151515151,0.6439393939393939,2.94,0.0,0.0,0.0,11.94,0.0
6320e37620d067c7d322246a,504.959,4.53978687024344e-05,0.7782171823676702,-0.5072974770606772,-83.356742710575,7.101099199179631e-177,0.0833333333333333,0.0,0.3939393939393939,19.45,0.0,0.0,0.1666666666666666,33.46,0.0
63210b26bd58960c97b47ddc,507.383,0.0499575717725984,0.9999546021312976,1.0,-86.41486737082613,1.336792064699222e-193,0.0454545454545454,0.0,0.2878787878787879,9.05,0.0,0.0,0.1666666666666666,8.74,4.0
632aaef27780d596dc7e0a9f,667.598,0.0010547838756152,0.9999546021312976,-0.2658315468370829,-79.75597893416156,2.612559684640571e-175,0.0,0.0,0.2575757575757575,18.27,0.0,0.0,0.0,29.2,0.0
633471b7c7b5fa52a0a407a7,337.246,0.0278262268414524,0.1387983800505219,-0.7786233983727314,-82.15311773743204,2.3697511601241343e-176,0.4545454545454545,0.0,0.2424242424242424,2.78,0.0,0.0,0.0,8.75,0.0
63356ce6be65e7962bfc424d,519.621,0.0333473016702083,0.4069751165079731,0.6541923921161196,-86.4965808957716,3.062146748244723e-178,0.0303030303030303,0.0,0.3939393939393939,6.96,0.0,0.1666666666666666,0.0,14.69,1.0
6338c2127eed17193a7a4d32,424.33,0.0238374616668274,0.5425033431577719,0.7924706049660281,-85.72204660404276,6.649920529446867e-178,0.5757575757575758,0.0,0.1818181818181818,18.34,0.0,0.0,0.0,24.42,0.0
6340d2fa46f2d707e146b63b,451.886,0.0066117448692834,0.9999546021312976,-0.3238422055900676,-81.4931051723448,4.588804244656411e-176,0.0378787878787878,0.0,0.3257575757575757,4.44,0.0,0.0,0.0,7.81,0.0
6352b3c968388ef86f3556db,360.793,0.0157293685368461,0.9999546021312976,1.0,-90.52599097657746,2.180784991310324e-195,0.1439393939393939,0.0,0.4318181818181818,2.11,0.0,0.0,0.0,8.86,0.0
63614ad63aec6bcf8a045124,515.891,0.0241767661695123,0.576174018641298,0.6595012022342618,-84.6862927258818,1.8758329703413987e-177,0.3409090909090909,0.0,0.4166666666666667,13.23,0.0,0.0,0.1666666666666666,38.89,0.0
63615888b5606b24a845f73e,438.849,0.1119519848386657,4.53978687024344e-05,1.0,-112.71777851114584,4.901040062793469e-205,0.5378787878787878,0.0,0.6590909090909091,41.59,0.0,0.0,0.8333333333333334,21.43,0.0
6361769fee0c219b0f1cc480,396.633,0.0210863652483735,0.9999546021312976,-0.3628029992441255,-83.92668038036832,1.6139758180219302e-192,0.1515151515151515,0.0,0.4318181818181818,5.05,0.0,0.0,0.8333333333333334,18.58,0.0
636182d3f52ff78fc3f7de50,467.554,0.570336951616245,0.3958934873023831,0.3540213740858609,-83.18353519709457,8.445823295231247e-177,0.5454545454545454,0.0075757575757575,0.2651515151515151,8.37,0.0,0.0,0.1666666666666666,42.12,1.0
6362406ab7caf5fc96bb61c8,662.277,0.1966184279465798,0.9999546021312976,-1.0,-97.44196547225611,5.330053597553997e-183,0.0909090909090909,0.0,0.25,8.49,0.0,0.0,0.1666666666666666,33.42,1.0
6362aca86b740b1ec4cb6efb,635.299,4.53978687024344e-05,0.9999546021312976,-1.0,-100.9266401770888,6.556289820943954e-200,0.3712121212121212,0.0075757575757575,0.2045454545454545,1.86,0.0,0.1666666666666666,0.0,65.18,4.0
6362c4beb39ee39d15890c5c,391.352,0.0743469043125476,4.53978687024344e-05,1.0,-111.1424327361847,5.884050270819206e-189,0.6363636363636364,0.0,0.4545454545454545,16.75,0.0,0.0,0.1666666666666666,16.76,2.0
63652b3ed1f35f8e04325845,515.411,4.53978687024344e-05,0.9106217127827664,-0.5575239009523022,-86.0384530896508,4.844326945900784e-178,0.2878787878787879,0.0075757575757575,0.0984848484848484,19.81,0.0,0.0,0.0,57.27,0.0
636570d91a49a6d6cbcbc854,755.416,0.0172218712689308,0.1133940505309336,0.1925865418781237,-81.83804412441437,3.248686564665724e-176,0.0227272727272727,0.0,0.0833333333333333,44.74,0.0,0.0,0.0,84.76,1.0
636598a7a571403968d03bf2,457.806,0.1165958072345256,4.53978687024344e-05,-0.2026486265501818,-99.17599282493194,9.391872686433693e-184,0.1439393939393939,0.0,0.6742424242424242,6.28,0.0,0.0,0.0,15.18,0.0
63b6be60f23fd8e0399f668c,477.424,0.0136637546863988,4.53978687024344e-05,-0.2803385005194979,-80.20889009184248,1.6600582077457022e-175,0.4848484848484848,0.0,0.1515151515151515,23.15,0.0,0.0,0.0,46.51,0.0
63b6c76ff03d438cd09b8c56,561.068,0.0201594683985784,0.6220684904967696,0.1115957093476405,-80.33718021782617,1.4599499483256998e-175,0.0,0.0,0.1742424242424242,9.7,0.0,0.0,0.0,30.11,0.0
63b6cc23f13731158517f900,551.233,0.0250103240768722,0.9999546021312976,0.6583507732628728,-82.883355223646,1.1406971672082367e-176,0.0,0.0,0.2348484848484848,5.87,0.0,0.0,0.0,26.08,1.0
63b6e5e23b31a38790ff1ce2,373.681,0.0312512934831946,0.9999546021312976,0.4896125707270677,-81.96550753441332,1.14972988056862e-191,0.1969696969696969,0.0,0.4772727272727273,2.78,0.0,0.0,0.0,13.79,0.0
63b6ef9027eb90f292852ee4,510.67,0.0047037476974775,4.53978687024344e-05,-0.1860620542223681,-80.55541100489484,1.1733919457646457e-175,0.0,0.0,0.303030303030303,5.51,0.0,0.0,0.0,66.93,1.0
63b82398bbe6a599972413ad,540.142,4.53978687024344e-05,0.5261903129340406,-0.5075610480513201,-85.82723308443242,5.985193711897242e-178,0.0,0.0,0.4090909090909091,3.34,0.0,0.0,0.5,18.09,0.0
63bb98852cdc67dece8adb8e,461.593,0.0319837636544772,4.53978687024344e-05,-1.0,-85.38098729292716,9.35662876698816e-178,0.0227272727272727,0.0,0.1515151515151515,4.28,0.0,0.0,0.0,26.28,0.0
63bc9e8cd8106f8d94c636d4,372.137,0.0286250842878767,0.2402817905514738,1.0,-99.79726059283438,5.042166436430511e-184,0.1893939393939394,0.0,0.5151515151515151,5.64,0.0,0.0,0.0,20.85,1.0
63bd81516745e78ee7f50f7f,480.843,0.0654108950880363,4.53978687024344e-05,1.0,-119.52153183527832,5.3990853382335206e-208,0.0909090909090909,0.0,0.5,3.91,0.0,0.0,0.3333333333333333,30.53,1.0
63bd8be8f8c532da7bb5431e,511.136,0.1145796622846237,4.53978687024344e-05,1.0,-123.2721919718132,1.2639207694398945e-209,0.2651515151515151,0.0,0.5833333333333334,14.02,0.0,0.0,0.0,38.69,0.0
63bda65b774a91e291c5b1a8,603.434,4.5400699761530336e-05,4.539787675325434e-05,0.8999073500674426,-95.65737841495086,3.181990966512941e-182,0.0984848484848484,0.0,0.3409090909090909,10.94,0.0,0.0,0.0,40.09,0.0
63bef4ddef5b4d7295effbbd,320.975,0.1217211203280065,4.53978687024344e-05,0.4723286260066089,-100.70937363127535,2.0231116352471138e-184,0.696969696969697,0.0,0.4545454545454545,1.5,0.0,0.0,0.1666666666666666,7.78,0.0
63ced2da9cad1ae3f98ce914,591.697,0.0035849089037318,4.539791940381248e-05,1.0,-103.1363657958208,7.176897930919186e-201,0.3863636363636363,0.0,0.8257575757575758,7.15,0.0,0.0,0.1666666666666666,194.31,0.0
63ced96b01986b01ef133497,521.014,0.0144119415786245,4.53978687024344e-05,1.0,-124.57855609273244,3.4180695810521534e-210,0.4242424242424242,0.0,0.6060606060606061,15.98,0.0,0.0,0.0,37.02,1.0
63cedc8a97a0bb604736baea,311.637,4.53978687024344e-05,0.9999374755822584,-0.2499219827512814,-82.63637227199531,1.4607199720785743e-176,0.6136363636363636,0.0,0.2272727272727272,3.89,0.0,0.0,0.1666666666666666,11.18,0.0
63cff34d33a9948e3b0b28d6,394.457,0.0044442976816601,4.53978687024344e-05,1.0,-106.21289750354056,3.2988526568966493e-202,0.0,0.0,0.4924242424242424,6.77,0.0,0.0,0.0,12.01,0.0
63d000d62878aa92b833c5fc,483.007,0.0069063703261845,7.397759212333184e-05,0.0759453310220538,-81.97210050763998,2.840634612091829e-176,0.4848484848484848,0.0,0.2651515151515151,8.65,0.0,0.0,0.3333333333333333,77.0,0.0
63d007388da4ef5b301762f9,469.448,4.53978687024344e-05,4.539787170989906e-05,0.949599265741719,-97.63710087589246,4.384133626983252e-183,0.2121212121212121,0.0,0.1590909090909091,10.48,0.0,0.0,0.1666666666666666,20.11,0.0
63d13b44f511eff0aef876f2,349.689,0.0300788548855118,4.53978687024344e-05,-1.0,-88.8622639788204,2.866564964806051e-179,0.1515151515151515,0.0,0.4848484848484848,7.25,0.0,0.0,0.0,20.17,0.0
63d13bce0971871b9ff88f56,287.899,4.53978687024344e-05,0.9999542501112596,-0.0643017759784898,-81.7883188438214,3.4145236271689996e-176,0.6818181818181818,0.0,0.5151515151515151,3.15,0.0,0.0,0.0,6.52,1.0
63d1401242635aaffe867c4c,582.214,0.0537770120621749,0.1650216119406659,0.60436869441696,-90.90513709625414,1.4919940692354034e-195,0.0,0.0,0.3560606060606061,16.17,0.0,0.0,0.0,27.76,0.0
63d1819e544fa53e891614ec,537.832,0.0243410350288683,0.6913190926820498,-0.4508356831439317,-85.82391610491514,6.005104000205299e-178,0.3636363636363636,0.0,0.4090909090909091,17.47,0.0,0.0,0.0,13.49,0.0
63d18e630e39bc97ef16152b,549.542,0.0167223595611826,4.53978687024344e-05,-1.0,-91.62253838860354,1.807705133685726e-180,0.0,0.0,0.2272727272727272,15.47,0.0,0.0,0.0,30.48,0.0
63d1c10210ce566ce71616e8,419.72,0.0551363870042976,4.53978687024344e-05,-0.7202126592663922,-85.28102908217997,1.0341518015338804e-177,0.4166666666666667,0.0,0.1439393939393939,5.71,0.0,0.0,0.1666666666666666,26.35,0.0
63d2bc12a843f8466a8f83e0,546.348,0.0271206281581675,0.9999546021312976,0.0237884484654629,-83.44684460423554,6.488529494007008e-177,0.0075757575757575,0.0,0.4318181818181818,13.8,0.0,0.0,0.0,71.33,1.0
63d3fb1c82d319ac2f752d80,448.026,0.0409023497445184,0.9999546021312976,0.629735182053948,-85.143707668048,1.1865768597989002e-177,0.1666666666666666,0.0,0.5303030303030303,4.4,0.0,0.0,0.0,12.51,0.0
63d404f4eaf69448ef9e09e6,495.974,4.53978687024344e-05,4.53978687024344e-05,1.0,-101.6934462828888,3.0428016016965074e-200,0.0,0.0075757575757575,0.2272727272727272,4.38,0.0,0.3333333333333333,0.0,18.72,3.0
63d40528f7676637efbd18eb,364.305,0.0250515347290492,0.9999546021312976,0.9085371786831477,-88.20801794130504,2.2203849766125786e-194,0.3106060606060606,0.0,0.2121212121212121,2.92,0.0,0.0,0.1666666666666666,14.85,0.0
63d40583fbdb78bfb9b0d3a4,390.252,4.53978687024344e-05,0.9999546021312976,-0.2611127440284346,-84.08789709725232,3.4150390695178324e-177,0.0681818181818181,0.0,0.303030303030303,5.94,0.0,0.0,0.0,13.02,1.0
63d40e3588ba6ef2a3ce7c37,373.972,0.0055926862365411,4.53978687024344e-05,1.0,-103.82995204864103,8.89536676180657e-186,0.6136363636363636,0.0,0.5757575757575758,12.24,0.0,0.0,0.5,19.03,1.0
63d41088860131e49a85cfac,440.54,0.0079902431008918,0.9999546021312976,1.0,-96.26134286321508,1.738140855071164e-182,0.0833333333333333,0.0,0.1590909090909091,17.55,0.0,0.0,0.0,18.78,0.0
63d413840c9c512ac3dfc533,343.548,0.0111168547941274,4.53978687024344e-05,1.0,-105.4420477679335,7.13677295476318e-202,0.1212121212121212,0.0,0.6363636363636364,1.12,0.0,0.0,0.0,8.36,0.0
63d418d4229ed6c0712ce5bb,414.594,0.0551264782972348,0.9999546021312976,0.8981133532007443,-86.89162379849263,2.0618161959204058e-178,0.0606060606060606,0.0075757575757575,0.1969696969696969,1.43,0.0,0.0,0.0,6.94,0.0
63d420b1d5b7dc6a3a4c50aa,526.257,0.0751743201331854,0.4701165712841701,-0.834550651587448,-88.50733297229334,4.089734423986333e-179,0.106060606060606,0.0,0.2651515151515151,16.12,0.0,0.0,0.0,40.02,0.0
63d42387aba51e699ab9ce5c,283.1,4.53978687024344e-05,4.53978687024344e-05,1.0,-102.88396928111212,2.2934250427208078e-185,0.6590909090909091,0.0075757575757575,0.0681818181818181,2.88,0.1666666666666666,0.0,0.0,4.94,0.0
63d42c21dc6f4d60e34cc337,503.41,0.086348912809115,4.53978687024344e-05,1.0,-119.5554259903264,1.2934813165196948e-192,0.1893939393939394,0.0,0.1666666666666666,11.15,0.0,0.0,0.1666666666666666,33.53,0.0
63d43dc4b4b7a0e426a381cd,534.733,0.0322060988570826,4.53978687024344e-05,0.3227742959135363,-88.74384304344501,3.2274111984572054e-179,0.0,0.0,0.3257575757575757,8.24,0.0,0.0,0.3333333333333333,19.36,0.0
63d53c6bc368b9fa8d33f4cf,384.387,0.0125027547178572,4.53978687024344e-05,-0.373285725168725,-84.42249712240343,2.442872784885904e-177,0.7196969696969697,0.0,0.5454545454545454,7.49,0.0,0.0,0.1666666666666666,29.39,0.0
63d55208f472dc9178329bcb,316.599,0.0615892366129363,0.3315877610570549,0.0236094433884456,-85.47078775422452,8.552073344298329e-178,0.6287878787878788,0.0,0.4166666666666667,2.12,0.0,0.0,0.0,8.85,0.0
63d6873b65a6170d64a652f6,568.048,4.53978687024344e-05,4.53978687024344e-05,1.0,-106.56101495841956,2.328164251339732e-202,0.0075757575757575,0.0151515151515151,0.4924242424242424,6.47,0.0,0.3333333333333333,0.0,37.95,0.0
63d69e4d6648b39324fdf0ad,356.718,0.0298312069187499,4.53978687024344e-05,1.0,-118.94804023494024,9.586211021099542e-208,0.4318181818181818,0.0,0.7651515151515151,6.91,0.0,0.0,0.3333333333333333,13.8,0.0
63d71e67dd0fcccd3cc745b0,478.435,4.53978687024344e-05,4.53978687024344e-05,1.0,-105.81352513234444,4.920352514265197e-202,0.2878787878787879,0.0,0.4393939393939394,12.26,0.0,0.1666666666666666,0.3333333333333333,19.43,6.0
63d73bfc8765da5b8a06f465,889.495,4.53978687024344e-05,0.7040279515353062,0.2953495765819649,-85.75331794818146,6.444937840594758e-178,0.0,0.0075757575757575,0.0833333333333333,31.51,0.0,0.1666666666666666,0.1666666666666666,75.31,0.0
63d7457dae12d98a8ebd18f6,464.53,0.018305711164029,4.53978687024344e-05,0.5920214228309315,-93.60818538720883,2.475860771659206e-181,0.0227272727272727,0.0,0.4015151515151515,8.2,0.0,0.0,0.1666666666666666,25.02,0.0
63d7a0c6fe36d852418ac97a,377.914,0.0588078950974377,4.53978687024344e-05,1.0,-110.332646758184,5.336393115802519e-204,0.6060606060606061,0.0,0.4545454545454545,7.61,0.0,0.0,0.1666666666666666,32.14,0.0
63d7a91b72bdcca4f3a683e8,392.199,0.0506253622429896,0.9999546021312976,0.8736327285641969,-88.82414449461037,1.1982468872929349e-194,0.2575757575757575,0.0,0.3181818181818182,3.99,0.0,0.0,0.1666666666666666,5.52,0.0
63d7a9346e833b93500723d4,494.206,0.0031908776464779,4.710541315798912e-05,1.0,-106.2495820360522,3.179902175927101e-202,0.106060606060606,0.0,0.6893939393939394,22.52,0.0,0.0,0.3333333333333333,29.76,0.0
63d7d7b654e057b287d2bd9b,403.239,0.0087291096966364,0.9999546021312976,0.3355587853328796,-85.63785902920569,7.234753766112742e-178,0.1515151515151515,0.0,0.1287878787878787,5.11,0.0,0.0,0.0,8.96,0.0
63d7ddc0c07dd5787084df8e,418.351,0.0456890074057418,4.53978687024344e-05,-1.0,-89.07835712401643,2.308866896267256e-179,0.106060606060606,0.0,0.4393939393939394,3.12,0.0,0.0,0.1666666666666666,11.49,0.0
63d80cb1ba40ad04c1edd4db,463.444,0.0686001582586411,0.7867919330588883,0.6252982010807895,-87.11596703947248,6.625758110799006e-194,0.0,0.0,0.4318181818181818,8.06,0.0,0.0,0.0,16.66,0.0
63d81e2fb6c8f0da25fea602,503.534,4.53978687024344e-05,4.53978687024344e-05,1.0,-130.614072822571,8.12594626743329e-213,0.2727272727272727,0.0,0.2424242424242424,12.85,0.0,0.0,0.0,42.29,0.0
63d842d3e9626bd5fe5c17b1,675.732,0.1566293361285189,0.0270560492193897,1.0,-106.96893534201004,1.5476196973048163e-202,0.803030303030303,0.0,0.7121212121212122,9.1,0.0,0.0,0.0,47.24,1.0
63d881ab484805569b553bd8,533.905,4.53978687024344e-05,4.53978687024344e-05,1.0,-103.97922063354982,7.660565182504801e-186,0.1287878787878787,0.0,0.1136363636363636,4.48,0.0,0.0,0.0,28.24,0.0
63d89eb9781fd5479e5c175a,472.751,0.0038194521419216,0.999557137766799,-0.143552801976125,-85.42459388482698,8.956904012515974e-178,0.0303030303030303,0.0,0.3939393939393939,9.77,0.0,0.0,0.0,22.24,0.0
63d97863bc1e08294519edd8,384.577,0.1143415244450812,4.53978687024344e-05,-1.0,-95.32287829188276,1.7907132781060673e-197,0.2348484848484848,0.0,0.6666666666666666,4.38,0.0,0.0,0.0,17.37,0.0
63d9f31dba727de153019798,336.128,0.061254988659151,4.53978687024344e-05,1.0,-118.60602412626444,1.3500175875515227e-207,0.6666666666666666,0.0,0.553030303030303,5.47,0.0,0.0,0.8333333333333334,21.47,0.0
63d9f41910c61f3eb102079f,600.368,0.0182019762286689,0.0001049886623611,-1.0,-96.6706666084566,1.153730380833114e-182,0.0151515151515151,0.0,0.3181818181818182,11.21,0.0,0.0,0.0,42.81,0.0
63dab0380b8791f9560fd329,419.069,4.53978687024344e-05,4.53978687024344e-05,0.0964698429848375,-85.26542703531558,1.0504334483001218e-177,0.0681818181818181,0.0,0.2727272727272727,3.8,0.0,0.0,0.3333333333333333,8.37,3.0
63daf5a89c63648ec34664fb,478.793,0.0005232858679909,4.53978687024344e-05,0.3232546799964192,-87.56488202902818,1.0507473750114521e-178,0.0,0.0,0.6287878787878788,7.57,0.0,0.0,0.3333333333333333,18.61,0.0
63dafeda84d9a5e684adb6be,378.621,0.0055958345266988,0.8558528455800867,0.1761324120908474,-85.63051896009446,7.288118723013402e-178,0.0,0.0,0.0378787878787878,1.59,0.0,0.0,0.1666666666666666,12.46,0.0
63dc7b5bf451a34177b66c66,459.587,0.051176168034672,0.6334363858068315,-1.0,-97.32865227858603,2.4041667813725545e-198,0.2045454545454545,0.0,0.3787878787878788,8.47,0.0,0.0,0.0,19.5,0.0
63dc7c4191d5e30193f1db36,407.845,0.0324503928524569,0.9999546021312976,1.0,-94.49466938091189,4.1031017022580426e-197,0.3560606060606061,0.0,0.8484848484848485,9.36,0.0,0.0,0.3333333333333333,10.14,0.0
63dcc00d97b599698e60a1a6,583.619,4.53978687024344e-05,4.53978687024344e-05,1.0,-111.26828936339078,5.187452194146382e-189,0.5606060606060606,0.0,0.3106060606060606,14.32,0.0,0.0,0.0,20.53,3.0
63dd3dd2593c92be97d8dbde,348.807,0.0749746754308332,4.53978687024344e-05,1.0,-120.69737786627984,1.6638700907517412e-208,0.5681818181818182,0.0,0.9318181818181818,8.48,0.0,0.0,0.3333333333333333,16.26,0.0
63df609cf58947e964792bb6,300.446,4.53978687024344e-05,0.9999546021265558,-0.5573197983700964,-92.169518006187,1.045415091309548e-180,0.7045454545454546,0.0,0.3484848484848485,1.9,0.0,0.0,0.1666666666666666,10.91,0.0
63e1f5009f56fcb831963f19,690.201,0.0232733593038235,0.4149321759045007,0.6029108264188063,-91.8068805086144,1.5030433992440676e-180,0.3106060606060606,0.0227272727272727,0.2272727272727272,33.06,0.0,0.0,0.1666666666666666,74.28,0.0
63e316f79fdeba5ba50385e1,510.96,0.0042442546521744,4.53978687024344e-05,-0.7188188056849248,-94.10945059088364,6.033882132167559e-197,0.1439393939393939,0.0,0.303030303030303,14.96,0.0,0.0,0.0,24.44,0.0
63e5513398583a335b2a8bdd,666.464,0.0312423215032035,4.53978687024344e-05,-0.1934587485747409,-87.47490034205788,1.1498067399926105e-178,0.0,0.0075757575757575,0.1439393939393939,17.34,0.0,0.0,0.1666666666666666,36.21,1.0
63e554b7631c8ec3ce069e32,430.31,0.1062319353674624,4.53978687024344e-05,1.0,-122.32357085117658,3.266869808928088e-209,0.4166666666666667,0.0,0.3712121212121212,14.54,0.0,0.0,0.8333333333333334,24.87,1.0
63e55887d67a5c7e32a678fa,361.036,4.53978687024344e-05,4.53978687024344e-05,1.0,-121.9889248907712,4.5668735915932895e-209,0.2727272727272727,0.0,0.1666666666666666,4.72,0.0,0.0,0.5,16.88,1.0
63e55908254a436361a6787b,311.503,0.0948453790842057,4.53978687024344e-05,-1.0,-96.45574946681998,1.4307171410549775e-182,0.2272727272727272,0.0,0.6060606060606061,2.02,0.0,0.0,0.8333333333333334,4.66,0.0
63e573b546bc72bbe9bffc5f,549.771,0.2928989768689808,0.1456973786441523,-0.3711459496803295,-92.77744238831774,5.687877806493368e-181,0.0,0.0,0.1515151515151515,14.08,0.0,0.0,0.0,25.47,1.0
63e576170eb086a90644efb4,371.285,4.53978687024344e-05,4.53978687024344e-05,0.1945116938998269,-87.11769292507114,6.614319764632628e-194,0.0833333333333333,0.0,0.4924242424242424,2.48,0.0,0.0,0.3333333333333333,15.7,1.0
63e5b3e89a3823139cb9d35e,335.92,0.0270465244551033,4.53978687024344e-05,1.0,-113.95186202536615,1.4248215935761646e-205,0.803030303030303,0.0,0.7424242424242424,7.36,0.0,0.0,0.1666666666666666,6.21,1.0
63e5be4daa8fac2e51d4fe91,336.715,0.0419699627288628,4.53978687024344e-05,-1.0,-93.02431217802648,1.7880994421950698e-196,0.1818181818181818,0.0,0.3636363636363636,4.02,0.0,0.0,0.0,10.02,0.0
63e5c56c4ddeee504b9fa17f,745.734,0.0216664390341997,4.53978687024344e-05,-0.7034454228315195,-89.7281361320388,4.847367663456342e-195,0.0681818181818181,0.0075757575757575,0.2575757575757575,2.8,0.0,0.0,0.0,22.18,2.0
63e5ffdf639ebdcf35aacb09,479.701,0.0366255114733502,4.53978687024344e-05,0.5316942598510844,-98.56005736059188,1.740079680006248e-183,0.1212121212121212,0.0,0.2348484848484848,12.01,0.0,0.0,0.1666666666666666,16.57,0.0
63e711bb284d2bc894a057a6,737.706,0.0055085241368015,0.9999546021312976,0.2144087131806488,-87.18689266154053,6.171605305093746e-194,0.0,0.0,0.1363636363636363,12.1,0.0,0.0,0.1666666666666666,37.88,0.0
63e7ac6bcbc2e035cbeadf8a,499.904,0.0142988102226818,0.9999546021312976,1.0,-98.68307672808744,6.195785754413051e-199,0.0833333333333333,0.0075757575757575,0.4393939393939394,9.71,0.0,0.0,0.1666666666666666,29.22,0.0
63e802622f8052bd67d6c5f0,381.973,0.1104170098102058,0.5270456486039661,0.8660675542910211,-93.04609939661258,1.749520521778838e-196,0.0151515151515151,0.0,0.2954545454545454,5.63,0.0,0.0,0.0,11.98,0.0
63e857fe022e159687d56f41,387.508,0.0541757223607041,4.53978687024344e-05,1.0,-121.5827379028524,6.858177538437998e-209,0.7954545454545454,0.0,0.9621212121212122,9.46,0.0,0.0,0.0,4.25,0.0
63e885e4e1fc973179d56f63,566.653,0.0451660434813245,0.9999546021312976,1.0,-93.50356275251842,2.7492753031693763e-181,0.0075757575757575,0.0075757575757575,0.2651515151515151,5.48,0.0,0.0,0.1666666666666666,25.03,1.0
63ea4301f63c1d26f0ff83e9,391.848,0.0053819681167549,0.9999546021312976,0.5595986304729397,-91.85783659389269,1.4282843728188431e-180,0.0454545454545454,0.0,0.303030303030303,3.02,0.0,0.0,0.0,16.75,0.0
63ea5b93d1c6d38e1f57dcfa,405.089,0.0297496269777896,4.53978687024344e-05,-1.0,-93.45453189645268,1.1623615468165302e-196,0.2954545454545454,0.0,0.4545454545454545,4.88,0.0,0.0,0.5,18.4,1.0
63ea6fc5092518554c9b8111,401.278,4.53978687024344e-05,0.9999546021312976,-1.0,-106.50079118825064,6.135754655292023e-187,0.0303030303030303,0.0,0.4318181818181818,5.6,0.0,0.0,0.1666666666666666,30.6,0.0
63eaa9f8f0637c961dcfc277,496.73,0.011489572063369,0.9999546021312976,-0.139061929789189,-88.36870301593643,4.698671635571876e-179,0.0,0.0,0.3863636363636363,8.82,0.0,0.0,0.3333333333333333,10.96,0.0
63ead665638c8546d8c3a962,370.244,0.0831158938535627,0.9501997263635412,0.5532376714853362,-92.76921900239998,2.308345856738308e-196,0.1515151515151515,0.0,0.4545454545454545,13.35,0.0,0.0,0.0,17.14,0.0
63ead6f452e11793b2f8dab8,828.857,0.0335934060940275,4.53978687024344e-05,1.0,-115.81086276988124,2.2158877262932263e-206,0.4696969696969697,0.0,0.6666666666666666,9.35,0.0,0.0,0.1666666666666666,46.49,0.0
63eafad399e87039254d1078,343.054,0.011562586438922,0.999916982988358,1.0,-100.63695044764869,2.175255376192485e-184,0.4393939393939394,0.0,0.4242424242424242,2.04,0.0,0.0,0.0,10.98,2.0
63ecff07b619306f41db42fa,336.266,0.0595929033094393,0.0787241741089705,-0.1293700430144155,-91.34327496575138,9.622169714768069e-196,0.5833333333333334,0.0,0.4772727272727273,19.63,0.0,0.0,0.6666666666666666,15.41,1.0
63ed0065eb23ac3ee1726453,311.008,0.0626000820357376,4.53978687024344e-05,-0.5786679062339543,-90.95729909405284,3.5187535992777293e-180,0.5454545454545454,0.0,0.0909090909090909,2.63,0.1666666666666666,0.0,0.0,13.92,0.0
63ed12d2c25b08ba24fe8a41,496.667,0.0121917910546296,0.4413550472743421,0.0978602823135338,-88.0675043119158,6.352495728977608e-179,0.0,0.0,0.2196969696969697,6.32,0.0,0.0,0.3333333333333333,16.07,1.0
63ed1fa5c88ecae92bf0c920,510.975,0.0605450165557502,4.53978687024344e-05,-0.5568908100924497,-91.97404071881996,5.117152079352182e-196,0.0,0.0,0.4621212121212121,5.83,0.0,0.0,0.0,23.41,2.0
63ed4bdcb1977e991fe4f095,378.558,4.53978687024344e-05,4.53978687024344e-05,1.0,-126.10758083895055,7.396781204577715e-211,0.4242424242424242,0.0,0.5757575757575758,6.35,0.0,0.0,0.0,23.52,2.0
63ed9dbc1c7838ffcbb42142,395.168,0.0299249812174112,0.9999546021312976,1.0,-98.0024709714276,1.224632181926876e-198,0.0833333333333333,0.0,0.4545454545454545,1.75,0.0,0.0,0.0,6.74,0.0
63ee59dc6e5fbabca14d3d16,476.035,4.53978687024344e-05,0.0448625565655829,0.7908955431566835,-100.0088281023722,4.0796704103923617e-184,0.0757575757575757,0.0,0.2878787878787879,7.43,0.0,0.0,0.0,13.23,1.0
63ee5e103b44d07673cc8bd6,295.246,0.0896574082092124,4.53978687024344e-05,-0.7008723790601458,-95.59402733097406,3.39035436410007e-182,0.3712121212121212,0.0,0.3181818181818182,1.33,0.0,0.0,0.5,7.76,1.0
63eeaedb26e599e86e8f7929,664.178,4.53978687024344e-05,0.964961388403392,-0.649474916512947,-96.7065063453154,4.481856692381109e-198,0.0,0.0,0.25,28.76,0.0,0.1666666666666666,0.0,25.14,0.0
63f049c2d78b2bc822a16dac,534.309,0.0170005415351623,4.53978687024344e-05,-1.0,-98.10755271332272,1.102348436006734e-198,0.0075757575757575,0.0,0.4393939393939394,21.24,0.0,0.0,0.1666666666666666,28.72,1.0
63f0fb9941434d10e8e4909b,1222.505,0.0231149725427397,4.53978687024344e-05,0.1980397807427997,-91.9326596236883,1.3251955762612172e-180,0.0,0.0075757575757575,0.3484848484848485,24.77,0.0,1.0,0.3333333333333333,78.76,0.0
63f2e107c4d0bc684b99d2c6,405.341,0.0123143457516261,0.9999546021312976,0.0795247827561112,-88.58064004800198,3.800311998115952e-179,0.2954545454545454,0.0,0.6287878787878788,3.21,0.0,0.0,0.8333333333333334,17.66,0.0
63f3a6b6d4c4d564638f38ca,340.398,0.0445783223636497,0.3604939824506972,-0.3899766421862043,-89.53666573201565,5.871566629066935e-195,0.053030303030303,0.0,0.4166666666666667,5.03,0.0,0.0,0.3333333333333333,16.15,1.0
63f3a7e45f338798fd025d99,382.881,0.0190263823471556,0.9999546021312976,1.0,-100.5368267859156,9.685848164520189e-200,0.4469696969696969,0.0,0.4924242424242424,3.16,0.0,0.0,0.0,17.56,0.0
63f477547d2302b4346299f4,854.233,0.023945324005472,4.53978687024344e-05,1.0,-128.77054764818166,5.144374200354342e-212,0.1818181818181818,0.0,0.5227272727272727,72.64,0.0,0.0,0.0,124.41,0.0
63f58712a2c1bd62fa7bb352,403.846,0.0211287069181397,0.9999546021312976,1.0,-99.76626119944684,2.09487255657321e-199,0.0151515151515151,0.0,0.2878787878787879,7.03,0.0,0.0,0.0,21.21,0.0
63f77927711e9d061dbec33c,416.182,0.0020432677398519,4.53978687024344e-05,0.2683247700354878,-90.49764562816492,2.243555883199908e-195,0.1136363636363636,0.0,0.3560606060606061,12.54,0.0,0.0,0.3333333333333333,13.05,0.0
63f77d4f671167ec16eee15c,414.47,0.0307625460407835,0.9999546021312976,0.3790593288196377,-89.97020203122189,9.453710387099044e-180,0.1212121212121212,0.0,0.1969696969696969,4.34,0.0,0.0,0.0,20.32,0.0
63f78c9346da47f7f8f3aef9,297.398,0.0283090385026799,0.9999546021312976,0.0462154160017082,-90.1311864852488,8.046412864861638e-180,0.2878787878787879,0.0,0.5606060606060606,1.84,0.0,0.0,0.0,7.68,1.0
63f791692fa22034babcdda1,409.446,0.0111959202004322,0.4345767762143151,0.070140309258922,-89.1421807677375,2.165941570543428e-179,0.5075757575757576,0.0,0.2045454545454545,20.87,0.0,0.0,0.0,21.44,0.0
63f791c69ca73d3460eeb2d9,710.366,0.0374304458734851,4.53978687024344e-05,-1.0,-93.79131664720552,8.29687386641152e-197,0.0227272727272727,0.0,0.4696969696969697,11.42,0.0,0.0,0.0,16.77,0.0
63f79204eb27c9dc523185d9,591.457,0.0180731858357304,4.53978687024344e-05,0.0372057255289718,-90.59389464081865,5.0629736542973415e-180,0.0,0.0,0.3257575757575757,17.92,0.0,0.1666666666666666,0.3333333333333333,31.96,0.0
63f794e7d8d24753edbbb136,707.574,4.53978687024344e-05,4.539846254570964e-05,0.7467089384789509,-100.03111204662484,1.6069706282262498e-199,0.0,0.0,0.5151515151515151,28.07,0.0,0.0,0.3333333333333333,50.44,0.0
63f796a016e377d12cff50f1,634.057,0.4584766889627953,0.277224374046214,1.0,-96.62524118881754,4.861721067664475e-198,0.0151515151515151,0.0,0.5227272727272727,26.26,0.0,0.1666666666666666,0.1666666666666666,39.58,0.0
63f7b890b9c9e7b19a2e9281,349.272,0.0692569191412891,0.788538849875089,-0.1112421466918496,-92.43019019097292,8.052725090050421e-181,0.3939393939393939,0.0,0.2121212121212121,7.74,0.0,0.0,0.0,15.47,0.0
63f7becf2322a5ba95aad1dc,448.721,0.0706469938751152,4.53978687024344e-05,1.0,-128.1950950925841,2.266572562044962e-196,0.5303030303030303,0.0,0.4015151515151515,14.41,0.0,0.0,0.1666666666666666,46.91,0.0
63f7eb4fd0c75f760998818c,424.568,0.0224065074437802,0.0913900382928979,-0.7108642071730586,-93.19932092081456,3.728281856746775e-181,0.1363636363636363,0.0,0.2272727272727272,2.16,0.0,0.0,0.1666666666666666,16.31,0.0
63f807017a338dfff169fea8,626.48,4.53978687024344e-05,7.049091211419992e-05,-0.4112848178667905,-93.13202244297597,1.6053195846108497e-196,0.0,0.0,0.1969696969696969,6.55,0.0,0.0,0.1666666666666666,31.38,0.0
63f93d2de413ad49cf0dbff1,439.845,0.0338712013438318,0.9999546021312976,-0.0928134529911671,-92.49625571788738,7.537306394505801e-181,0.0,0.0,0.3409090909090909,3.59,0.0,0.0,0.1666666666666666,9.78,0.0
63f969ceb2a0b028aa612b33,457.381,0.0093740848728859,4.53978687024344e-05,-0.5163538848760254,-92.75687461691302,5.806220923175453e-181,0.0075757575757575,0.0,0.5151515151515151,1.0,0.0,0.0,0.3333333333333333,20.95,0.0
63fac97f0d4e8f6bfd753d90,304.111,0.0786436322555153,0.342026936655058,-1.0,-94.817856875272,2.9689144848694835e-197,0.5833333333333334,0.0,0.5303030303030303,3.02,0.0,0.0,0.0,16.3,0.0
63fba157c9ebcb0ba6397872,377.702,0.2082511683311509,0.2040620169906425,-0.2205448736481649,-95.54026990388546,3.57783048506701e-182,0.303030303030303,0.0,0.3333333333333333,2.81,0.0,0.0,0.3333333333333333,10.03,0.0
63fd6f98e4a77457f1b36b9a,759.811,0.0364535934509132,0.9999546021312976,0.2646189413158004,-90.81740486513502,4.047791557190348e-180,0.0,0.0075757575757575,0.1363636363636363,15.53,0.0,0.1666666666666666,0.1666666666666666,34.36,0.0
63fe38bfab28b75385783fba,339.49,0.0162810864581635,4.53978687024344e-05,-0.863254261501929,-95.95526739366277,2.3614116975235196e-182,0.2727272727272727,0.0,0.5075757575757576,5.03,0.0,0.0,0.1666666666666666,13.19,0.0
63fe39cd075bd5283fad495d,352.073,4.53978687024344e-05,0.9999546021312976,0.3069666560082736,-92.00288774453044,4.971485859660161e-196,0.2196969696969697,0.0,0.4621212121212121,2.34,0.0,0.0,0.3333333333333333,7.68,0.0
63feb6ae378e8efd6fd318b6,472.462,0.0049703113372183,4.53978687024344e-05,1.0,-113.00734434772365,3.667727263575464e-205,0.5833333333333334,0.0,0.8636363636363636,16.86,0.0,0.0,0.1666666666666666,16.7,0.0
63fffd232a889b722046523c,487.525,0.0127393985332724,0.9999546021312976,0.6653818315455204,-95.34009802411444,4.371777148140369e-182,0.0151515151515151,0.0,0.0075757575757575,15.0,0.0,0.0,0.0,44.22,0.0
6400d916e410c86255a45836,404.563,0.0333398013202366,4.53978687024344e-05,0.4294727152702554,-98.26815021374462,2.330743131283483e-183,0.1818181818181818,0.0,0.4848484848484848,4.86,0.0,0.0,0.0,17.55,1.0
6400d9235287137e7b62fd29,389.938,0.0268685806312231,0.9999546021312976,1.0,-98.83449799060884,1.3220218659855206e-183,0.2727272727272727,0.0151515151515151,0.3257575757575757,2.58,0.0,0.0,0.1666666666666666,8.35,0.0
6400d9993ddcc2436a9f2e1a,338.756,0.0481577783048172,0.6084781432840051,-0.2421502829624295,-91.3837634481588,2.2958966421483365e-180,0.5075757575757576,0.0,0.2803030303030303,7.85,0.0,0.0,0.0,5.78,1.0
6400da061dc90debed65731b,487.098,0.0043658208086732,4.53978687024344e-05,0.0165831290981948,-90.43066333184404,5.961870504513237e-180,0.4545454545454545,0.0,0.25,21.99,0.0,0.0,0.0,39.5,0.0
6400de8f305c51d03c2a9a0e,380.175,4.53978687024344e-05,0.0003052696370447,-0.2508092350817357,-91.76753448155505,1.5634357855166374e-180,0.2424242424242424,0.0,0.1818181818181818,1.94,0.0,0.0,0.0,8.9,0.0
6400df3b4bd1fb13b52727fe,391.232,0.0362315682126438,0.9999546021312976,1.0,-99.58058296515335,2.5228144143002575e-199,0.25,0.0075757575757575,0.5833333333333334,39.65,0.0,0.0,0.1666666666666666,12.79,0.0
6400e07f37c248e81cbc9d41,476.197,4.53978687024344e-05,0.9450895601158954,-0.9499403817720952,-106.60523389957228,2.227351584239922e-202,0.0,0.0,0.4242424242424242,4.65,0.0,0.0,0.0,15.64,0.0
6400e1e1c539ed3882af8d8f,886.013,4.53978687024344e-05,0.9949003710867522,-1.0,-108.94893716521416,2.1322190715946997e-203,0.0,0.0,0.3257575757575757,23.12,0.0,0.0,0.0,112.34,1.0
6400ea4cec0b310140841b2d,438.28,0.0331566758597308,0.8394260733958886,-1.0,-111.22842843503965,5.398655007854358e-189,0.2272727272727272,0.0,0.2272727272727272,10.95,0.0,0.0,0.0,15.38,0.0
6400ed09421b2727c2f7c553,615.465,4.53978687024344e-05,4.53978687024344e-05,1.0,-119.7082802508261,4.4784832795050375e-208,0.0151515151515151,0.0,0.5378787878787878,28.22,0.0,0.0,0.0,42.89,0.0
6400f1783058946c2b4780cd,468.982,0.0634414222552119,4.53978687024344e-05,1.0,-124.83724102881033,2.6382647760170214e-210,0.2272727272727272,0.0,0.0833333333333333,9.01,0.0,0.0,0.1666666666666666,31.47,1.0
6400f80179f04251a962fd22,447.48,0.1006405288666094,4.53978687024344e-05,-1.0,-100.28927006896008,1.2409897442349634e-199,0.0075757575757575,0.0,0.3636363636363636,2.62,0.0,0.0,0.5,13.6,0.0
6400f8f41e203f131c68b79f,403.017,0.1096529894028425,4.53978687024344e-05,1.0,-124.5535170884367,3.5048266029999714e-210,0.3560606060606061,0.0,0.2727272727272727,5.14,0.0,0.0,0.0,44.95,0.0
6401094035971e9972e06328,588.639,0.0234202041867391,0.2382906762558282,-0.0508994211318046,-92.08982725133647,1.1322440384828345e-180,0.0,0.0,0.4015151515151515,10.72,0.0,0.1666666666666666,0.1666666666666666,42.35,0.0
640132934d00561d78518c4c,469.493,0.139691124054316,0.4300960060622323,0.6490271453422793,-96.33665924916916,1.6118928145186178e-182,0.3181818181818182,0.0,0.1515151515151515,11.67,0.0,0.0,0.1666666666666666,45.79,0.0
64013f9fa92a5dd2d30c5575,597.098,0.0268785015743854,0.9999546021312976,0.3107981551667241,-92.11507526434546,1.1039811430578984e-180,0.0378787878787878,0.0,0.3181818181818182,16.65,0.0,0.0,0.8333333333333334,36.78,0.0
64015b86a1764cf737326eb7,433.802,0.057162615739175,0.2329957575111998,0.3545148316143818,-95.69165230238563,3.074652674416235e-182,0.3712121212121212,0.0,0.2272727272727272,8.48,0.0,0.0,0.0,29.29,0.0
64023a98627b1116180dff0b,475.009,0.0932486372108863,0.2636004989635715,0.3922704239889621,-95.99008736410896,2.2805069375317295e-182,0.0075757575757575,0.0,0.0378787878787878,1.16,0.0,0.0,0.0,17.16,0.0
640415971520c41606ca4389,383.871,0.000897797236462,0.9999538235748632,-0.6193927491954476,-99.21320921794728,3.6442589354033587e-199,0.2878787878787879,0.0,0.2727272727272727,8.34,0.3333333333333333,0.0,0.8333333333333334,16.62,0.0
6404fb7b9a7b3cfb4179d185,554.982,4.53978687024344e-05,0.9999546021312976,-0.3060685102315719,-93.4045995734455,1.2219424203784886e-196,0.0,0.0,0.5151515151515151,7.94,0.0,0.0,0.8333333333333334,24.42,0.0
64057cd2806cfdca58f0de34,409.082,0.0246442702407468,0.4745970517839003,0.0876680745420027,-91.72880099516384,1.6252576973248265e-180,0.0,0.0,0.0681818181818181,4.1,0.0,0.0,0.0,17.42,0.0
64077ddd11208afe2bec171a,515.264,0.0085179298467885,0.9999546021312976,0.7786045134086005,-99.57791465626332,6.280460488318821e-184,0.1287878787878787,0.0,0.3257575757575757,7.73,0.0,0.0,0.0,13.17,0.0
640feb5e49b723bcfaad6437,530.569,4.53978687024344e-05,4.53978687024344e-05,-0.1191590103440039,-91.79664201428484,1.5185302423164205e-180,0.0,0.0,0.3712121212121212,15.58,0.0,0.0,0.1666666666666666,20.65,0.0
641359eb0e2dc93999637e35,860.386,0.0527131970868059,4.53978687024344e-05,0.1033635754898488,-98.33091994793052,2.188775671184848e-183,0.0075757575757575,0.0075757575757575,0.2878787878787879,14.53,0.0,0.1666666666666666,0.1666666666666666,75.07,1.0
6414cd5e294152ef610c1272,480.118,0.017223885975883,0.9999546021312976,0.5273574190372545,-94.43011619428556,1.0872633889888145e-181,0.4924242424242424,0.0,0.106060606060606,18.21,0.0,0.0,0.0,15.54,4.0
641bb28bd1adb042a01a9d5f,306.311,0.0097930201071462,0.9999546021312976,0.4237548702035591,-93.93764975539736,1.78019927303878e-181,0.553030303030303,0.0075757575757575,0.2424242424242424,2.41,0.0,0.0,0.5,5.46,0.0
641ec1a9d9fe8a0941e39862,376.654,0.1436729809392025,4.53978687024344e-05,1.0,-110.77015949186294,8.541621335992574e-189,0.2272727272727272,0.0,0.3181818181818182,2.97,0.0,0.0,0.1666666666666666,5.13,0.0
